bureau_score,credit_utilization,debt_to_income,years_employed,credit_history_yrs,num_credit_inquiries_6m,max_dpd,months_delinquent
620,0.455,0.3762,16.7,13.4,2,0,0
687,0.2421,0.5868,8.8,8.6,1,0,0
577,0.2597,0.4518,5.5,2.9,0,0,0
583,0.311,0.5574,14.9,11.3,0,0,0
574,0.2569,1.517,5.7,5.1,1,0,0
653,0.2741,1.1729,9.8,5.5,1,0,0
537,0.6098,0.6638,20.5,13.1,3,0,0
607,0.2646,0.4815,5.3,5.2,0,0,0
562,0.5754,1.3912,7.2,5.0,0,0,0
569,0.3809,0.3758,4.1,1.1,2,0,0
622,0.2787,0.4253,2.2,0.0,0,0,0
644,0.0893,0.5733,10.5,4.8,2,0,0
651,0.1595,0.5887,13.9,9.0,2,0,0
630,0.2125,0.3386,14.4,8.0,0,0,0
599,0.4196,0.7318,11.9,8.5,1,0,0
591,0.202,0.9411,0.0,4.6,1,0,0
648,0.4522,0.7732,9.8,7.8,0,0,0
591,0.5053,0.6301,0.0,2.1,0,0,0
660,0.1443,1.0909,11.2,8.6,0,0,0
593,0.3001,0.1788,19.8,10.6,1,0,0
538,0.1835,1.4087,5.9,4.4,2,0,0
606,0.0826,0.2197,14.3,8.6,1,0,0
612,0.3016,0.2676,0.5,0.0,0,0,0
611,0.1695,0.3238,2.1,1.0,0,0,0
655,0.4648,0.3786,13.4,10.6,0,0,0
526,0.5226,0.8096,3.1,1.6,1,0,0
617,0.1955,0.638,5.4,5.5,1,0,0
627,0.3327,0.3995,15.6,11.3,1,0,0
542,0.1917,1.2336,7.5,5.9,2,0,0
641,0.1208,0.1331,9.0,6.2,2,0,0
679,0.1334,0.318,16.9,14.4,0,0,0
540,0.2757,0.7209,13.3,7.9,1,0,0
567,0.166,0.5214,5.8,2.8,3,0,0
657,0.2327,0.7393,8.4,5.2,0,0,0
618,0.1476,0.3554,14.6,11.2,2,0,0
543,0.1718,0.3768,1.2,2.1,3,0,0
606,0.3296,0.4119,19.7,12.7,0,0,0
577,0.2605,0.5024,0.0,1.8,2,0,0
540,0.6487,0.2309,3.9,0.8,2,0,0
582,0.4667,0.5385,6.4,5.9,2,0,0
525,0.5402,0.5781,15.8,11.8,2,0,0
590,0.3187,0.4789,5.3,3.7,0,0,0
595,0.4016,0.5284,0.0,0.9,1,0,0
624,0.1528,0.2395,9.5,6.4,0,0,0
625,0.1718,0.4499,5.5,4.4,0,0,0
571,0.3872,0.5801,3.5,7.3,0,0,0
602,0.1416,0.1652,7.2,6.8,2,0,0
632,0.1198,0.1499,0.0,0.0,0,0,0
652,0.2361,1.3982,6.2,3.7,0,0,0
673,0.0887,0.231,12.4,11.1,0,0,0
596,0.1737,0.181,0.0,0.0,2,0,0
680,0.1409,0.2481,17.4,15.6,1,0,0
638,0.0783,0.3047,9.4,8.1,0,0,0
625,0.3064,0.1972,10.7,4.8,0,0,0
667,0.1477,0.3621,3.3,4.0,1,0,0
608,0.1799,0.405,6.2,0.0,0,0,0
566,0.2306,0.7132,6.6,3.9,2,0,0
604,0.5233,1.4537,12.0,10.1,0,0,0
484,0.6694,0.687,2.0,0.0,1,0,0
642,0.1403,0.971,0.0,4.1,1,0,0
583,0.2969,0.4058,4.6,5.2,0,0,0
667,0.2798,0.1325,15.8,9.1,1,0,0
584,0.3708,0.7886,0.4,3.3,2,0,0
547,0.3352,0.4546,9.4,2.8,3,0,0
599,0.3821,0.7314,5.9,2.1,1,0,0
586,0.3632,0.625,7.0,2.1,2,0,0
665,0.1796,0.1801,16.8,7.8,0,0,0
625,0.1093,0.7674,10.8,6.9,2,0,0
524,0.5151,0.798,0.6,0.8,2,0,0
616,0.4272,1.2291,12.4,9.0,2,0,0
635,0.0751,0.1355,6.3,4.7,1,0,0
600,0.1619,1.241,12.4,8.8,3,0,0
578,0.422,0.9068,7.3,2.7,2,0,0
550,0.3159,0.6219,0.5,0.0,3,0,0
583,0.0617,0.1248,5.2,0.0,2,0,0
681,0.2896,0.3003,13.1,11.3,0,0,0
565,0.0355,0.635,19.1,13.6,6,0,0
561,0.2567,1.1712,4.8,3.5,2,0,0
639,0.3078,0.5024,3.5,4.0,1,0,0
675,0.0708,0.5595,11.0,9.4,0,0,0
599,0.3166,0.2913,10.3,6.5,2,0,0
609,0.2426,0.6269,9.5,6.4,0,0,0
603,0.4732,0.355,8.8,9.3,0,0,0
658,0.1744,0.2927,16.6,10.4,1,0,0
660,0.2667,1.1404,11.8,11.4,0,0,0
611,0.3371,0.2212,4.3,2.3,0,0,0
552,0.4167,0.2771,0.0,0.0,0,0,0
617,0.176,0.1748,8.2,5.9,1,0,0
616,0.1713,1.2358,2.8,1.2,1,0,0
569,0.1484,0.195,1.4,0.0,0,0,0
562,0.4087,0.6263,6.0,4.0,1,0,0
578,0.2475,0.1595,3.7,1.6,4,0,0
658,0.0084,1.2171,17.0,15.6,1,0,0
545,0.5396,0.2984,7.0,6.8,2,0,0
563,0.5146,0.5851,4.4,1.2,2,0,0
596,0.1366,0.5036,0.4,0.0,2,0,0
606,0.5105,0.4613,7.6,7.3,1,0,0
640,0.155,1.4487,2.6,4.2,0,0,0
589,0.402,0.5669,10.7,6.8,2,0,0
647,0.1767,0.588,16.4,10.5,0,0,0
582,0.2308,0.7953,10.6,7.2,1,0,0
604,0.1753,0.4638,4.6,3.8,1,0,0
665,0.098,0.3789,16.2,12.8,1,0,0
532,0.2685,0.2189,12.5,10.3,5,0,0
615,0.1123,0.2457,14.3,7.9,2,0,0
632,0.0997,0.3661,14.2,9.2,2,0,0
601,0.3587,0.775,1.7,0.0,1,0,0
520,0.4305,0.2185,5.6,3.9,1,0,0
628,0.1382,0.2282,6.3,1.6,0,0,0
574,0.1354,0.3587,4.2,1.5,4,0,0
682,0.1963,0.3578,12.6,11.0,0,0,0
650,0.3183,0.5889,11.8,9.0,1,0,0
557,0.1801,1.2698,9.7,7.5,4,0,0
582,0.4842,0.7609,13.0,9.1,0,0,0
635,0.354,1.4846,11.3,10.7,0,0,0
612,0.3187,0.3527,14.1,8.6,1,0,0
644,0.1971,0.8257,17.6,12.6,1,0,0
650,0.2663,0.5331,11.1,8.0,1,0,0
576,0.4791,0.3185,6.2,3.6,2,0,0
671,0.1875,0.2321,8.7,10.4,0,0,0
604,0.5313,0.2694,15.5,8.4,1,0,0
544,0.2723,0.2472,2.3,0.0,3,0,0
598,0.3086,0.217,8.9,6.4,1,0,0
635,0.2435,1.0392,16.0,10.0,1,0,0
581,0.1365,0.2411,6.5,0.0,1,0,0
630,0.0405,0.4593,2.2,2.3,3,0,0
614,0.1528,0.8995,0.4,0.8,1,0,0
575,0.4022,1.4849,4.0,5.0,3,0,0
497,0.7967,0.3678,12.9,7.9,1,0,0
575,0.1406,0.3691,1.1,0.0,1,0,0
566,0.4054,0.7185,15.1,8.7,1,0,0
590,0.0339,0.2433,9.8,3.0,0,0,0
621,0.1918,0.3383,1.8,4.3,1,0,0
524,0.3779,0.2529,4.5,5.2,2,0,0
582,0.3623,0.1936,6.1,6.8,2,0,0
656,0.2507,0.1433,6.8,6.1,1,0,0
642,0.2476,0.8086,18.1,9.9,1,0,0
600,0.0998,0.422,3.9,1.9,1,0,0
614,0.1869,1.0346,14.6,11.8,3,0,0
669,0.1547,0.2283,13.7,6.2,0,0,0
568,0.6751,1.1824,10.7,8.4,1,0,0
554,0.3545,0.1905,0.0,1.6,1,0,0
636,0.3094,0.4395,10.1,11.6,1,0,0
655,0.1339,0.4575,12.4,10.6,0,0,0
563,0.3053,0.2987,9.9,7.9,2,0,0
670,0.267,0.5093,17.8,12.5,1,0,0
544,0.3284,0.4373,6.6,5.7,1,0,0
634,0.4217,0.2601,16.6,12.8,0,0,0
611,0.2096,0.887,12.4,4.5,1,0,0
634,0.1879,0.3202,13.9,10.2,0,0,0
598,0.1589,1.511,4.9,0.0,0,0,0
670,0.2503,0.2181,11.6,3.6,1,0,0
560,0.2053,0.5315,4.5,3.2,3,0,0
562,0.2076,0.2947,2.0,2.4,2,0,0
494,0.811,0.7659,5.5,1.2,2,0,0
599,0.3348,1.079,3.0,4.3,0,0,0
612,0.3294,0.1914,15.9,14.2,1,0,0
598,0.2718,0.3935,4.3,4.6,0,0,0
599,0.1148,0.4937,9.3,6.5,2,0,0
656,0.0632,1.5087,15.0,11.1,3,0,0
622,0.3166,0.2883,16.9,12.1,1,0,0
674,0.1542,0.4439,18.3,13.2,3,0,0
633,0.2039,0.2764,6.5,2.5,1,0,0
611,0.4632,0.573,9.4,5.8,1,0,0
542,0.3674,1.0629,0.0,0.1,3,0,0
632,0.3732,0.5497,12.8,9.6,0,0,0
607,0.3564,0.8567,10.6,8.6,2,0,0
584,0.4597,0.7449,15.4,8.8,3,0,0
590,0.1984,1.103,10.0,6.7,1,0,0
614,0.2726,1.1105,3.5,1.9,1,0,0
591,0.2986,0.3775,10.7,11.4,3,0,0
507,0.7215,1.3749,6.6,5.1,2,0,0
651,0.2412,0.6461,16.0,12.5,1,0,0
563,0.1854,0.476,0.0,2.0,1,0,0
692,0.0941,0.6468,17.7,14.1,2,0,0
573,0.3191,0.5154,3.1,0.0,1,0,0
574,0.4037,1.3112,2.3,1.3,0,0,0
671,0.0985,0.3791,11.5,9.4,0,0,0
607,0.2878,0.1836,5.2,3.9,1,0,0
626,0.141,0.1832,16.1,7.9,0,0,0
639,0.2676,0.2572,8.5,3.9,1,0,0
606,0.1878,0.9143,12.7,7.1,1,0,0
608,0.4146,1.4135,19.0,14.0,1,0,0
588,0.2495,0.4937,7.5,5.7,0,0,0
633,0.5086,0.3697,3.0,5.1,1,0,0
611,0.2979,0.4165,13.3,9.3,3,0,0
606,0.1165,0.2312,9.7,7.2,2,0,0
527,0.7452,0.7021,8.0,2.9,1,0,0
617,0.225,0.5176,18.1,12.4,1,0,0
648,0.1252,0.2966,0.6,5.0,1,0,0
557,0.262,0.3046,11.8,8.9,3,0,0
608,0.2214,0.9576,0.0,0.0,1,0,0
526,0.4845,0.3379,0.0,0.8,2,0,0
654,0.3944,0.2704,14.6,12.3,1,0,0
577,0.2235,0.9873,4.9,4.4,2,0,0
618,0.3146,0.5219,4.2,4.6,0,0,0
608,0.4933,0.8279,1.5,3.0,1,0,0
614,0.3156,1.4883,10.8,7.9,2,0,0
616,0.4279,0.8655,12.0,9.1,1,0,0
637,0.1827,0.422,11.1,6.6,0,0,0
602,0.2206,0.4346,14.6,9.0,2,0,0
613,0.3507,0.3358,12.2,8.4,1,0,0
553,0.3583,0.6278,0.0,0.0,2,0,0
624,0.2856,0.2715,8.7,6.8,1,0,0
589,0.4397,0.4566,0.0,0.0,1,0,0
593,0.4436,0.2587,17.7,12.7,2,0,0
621,0.3127,0.6026,9.8,7.9,0,0,0
530,0.3346,0.7018,13.2,6.6,4,0,0
594,0.3111,0.2567,0.7,1.3,1,0,0
628,0.0901,0.554,14.7,6.2,2,0,0
585,0.1379,0.2708,0.0,1.2,2,0,0
637,0.22,1.2854,5.6,5.1,0,0,0
595,0.2822,0.2378,1.7,2.5,0,0,0
615,0.369,0.3454,12.9,9.7,2,0,0
617,0.1719,0.298,10.5,6.3,0,0,0
620,0.206,1.8065,0.0,0.0,0,0,0
542,0.4167,0.6717,13.6,8.3,4,0,0
499,0.3705,1.6719,0.0,2.1,3,0,0
541,0.8282,0.2588,6.0,7.6,0,0,0
599,0.1638,0.4842,1.5,1.2,2,0,0
591,0.1838,0.3305,2.6,0.0,1,0,0
589,0.1225,0.161,8.5,5.4,1,0,0
581,0.4188,0.4039,8.4,7.8,3,0,0
624,0.1333,0.6375,1.5,2.2,0,0,0
619,0.2006,0.3314,2.9,2.1,0,0,0
605,0.1193,0.1573,9.8,6.3,3,0,0
587,0.5755,0.2743,0.9,0.0,0,0,0
589,0.148,0.2683,6.7,4.3,1,0,0
517,0.6996,0.338,10.8,6.8,2,0,0
575,0.4271,0.7161,5.0,2.7,2,0,0
672,0.1781,0.3129,13.0,9.7,1,0,0
662,0.0475,1.1605,0.0,3.5,1,0,0
565,0.4757,1.062,2.2,1.6,1,0,0
541,0.6374,0.3292,6.6,5.8,1,0,0
624,0.2781,0.8875,7.6,5.2,1,0,0
590,0.4506,0.3865,0.1,0.0,1,0,0
611,0.3596,0.7006,12.9,11.3,1,0,0
647,0.2401,0.4365,9.7,7.5,1,0,0
667,0.2022,0.514,15.8,12.6,2,0,0
590,0.3199,0.2172,15.8,13.5,2,0,0
580,0.2084,0.5361,4.8,4.1,1,0,0
618,0.301,0.4615,15.4,11.3,2,0,0
506,0.4342,0.2534,0.0,1.5,2,0,0
603,0.1785,0.1167,5.0,2.2,1,0,0
614,0.3359,0.3842,7.1,3.7,0,0,0
605,0.2351,1.0086,10.0,5.5,1,0,0
540,0.5479,0.4174,9.4,5.6,0,0,0
617,0.553,0.3124,17.8,10.1,0,0,0
610,0.1969,0.4548,7.2,1.7,0,0,0
600,0.1519,0.3367,23.0,14.5,2,0,0
609,0.1297,0.5686,15.5,6.1,3,0,0
581,0.2534,0.7545,7.0,5.5,2,0,0
635,0.2183,0.1828,8.3,6.0,1,0,0
592,0.1275,0.5022,7.6,6.8,4,0,0
542,0.4625,0.4151,2.0,0.0,2,0,0
577,0.5273,0.9449,0.0,1.0,0,0,0
535,0.3833,0.3442,4.2,1.3,3,0,0
603,0.1659,0.2786,0.0,1.5,2,0,0
632,0.1269,0.2997,12.7,5.2,2,0,0
656,0.2784,0.2277,14.6,9.7,1,0,0
690,0.0624,0.2935,4.3,2.2,0,0,0
665,0.2664,0.8207,18.6,14.6,1,0,0
590,0.1448,0.3918,10.1,8.6,2,0,0
642,0.1771,0.3611,2.5,4.2,0,0,0
571,0.1827,0.339,8.8,2.1,3,0,0
667,0.1378,0.3995,3.4,5.4,1,0,0
540,0.4631,0.215,8.1,3.8,2,0,0
556,0.5909,0.6835,10.2,10.6,4,0,0
724,0.0656,0.8138,15.0,14.9,0,0,0
665,0.194,1.0302,9.7,9.2,0,0,0
654,0.188,0.3519,5.3,2.0,1,0,0
594,0.5152,0.8161,4.8,0.9,0,0,0
624,0.2602,1.0911,13.8,8.2,1,0,0
553,0.4729,0.8575,13.9,10.9,2,0,0
557,0.5323,1.4657,16.6,9.5,1,0,0
586,0.2423,1.3567,13.3,5.6,1,0,0
624,0.3471,0.4594,11.5,10.2,2,0,0
551,0.3333,0.4893,8.5,4.7,3,0,0
620,0.2496,0.516,9.2,8.3,1,0,0
637,0.3067,0.2345,10.7,9.0,1,0,0
622,0.35,0.3986,9.9,7.3,1,0,0
627,0.041,0.5895,3.3,4.0,1,0,0
651,0.2748,0.3408,6.6,7.6,0,0,0
677,0.1831,0.3924,4.1,4.4,0,0,0
674,0.1235,0.2473,12.7,10.5,1,0,0
613,0.2756,1.0034,5.3,4.5,0,0,0
689,0.1585,0.1848,19.6,12.9,0,0,0
595,0.2891,0.7393,14.0,10.4,0,0,0
567,0.1745,0.1378,9.8,7.3,4,0,0
592,0.3331,0.3979,2.9,3.0,0,0,0
595,0.5891,0.3966,15.6,11.6,1,0,0
589,0.0627,1.2692,4.7,2.4,1,0,0
547,0.7788,0.1722,8.3,8.1,1,0,0
551,0.1581,0.242,4.3,2.0,2,0,0
617,0.4227,0.2449,0.6,1.2,2,0,0
589,0.1011,0.3139,1.6,2.2,0,0,0
528,0.6611,0.6063,1.0,0.0,1,0,0
672,0.0979,1.5746,4.9,6.6,2,0,0
581,0.6601,0.2043,11.9,8.2,1,0,0
587,0.5138,0.2789,4.1,0.9,2,0,0
556,0.5031,0.6444,5.9,4.1,2,0,0
611,0.2146,0.3711,7.7,3.4,3,0,0
646,0.3363,0.7547,14.5,9.0,0,0,0
652,0.2155,0.2988,13.3,8.1,1,0,0
623,0.1865,1.8322,12.5,8.5,1,0,0
629,0.3391,0.5222,8.0,8.3,0,0,0
639,0.0667,0.3903,11.0,7.9,1,0,0
658,0.0983,1.1377,8.5,6.3,0,0,0
581,0.3564,0.3284,14.8,9.4,0,0,0
684,0.0791,0.1182,8.6,6.6,0,0,0
619,0.2845,0.3844,10.2,7.1,2,0,0
602,0.4812,0.2117,12.7,8.7,1,0,0
617,0.2751,0.3206,10.1,8.5,2,0,0
660,0.1155,1.6041,15.3,8.8,0,0,0
569,0.3729,1.2447,3.3,4.8,2,0,0
598,0.3339,0.2431,1.8,0.0,2,0,0
612,0.2106,0.3412,6.0,4.0,1,0,0
662,0.1489,1.4782,12.9,11.7,2,0,0
608,0.2686,1.5001,10.7,9.9,3,0,0
592,0.6581,1.1237,19.0,13.6,0,0,0
634,0.319,1.7094,11.4,6.4,2,0,0
550,0.2832,0.2447,11.4,7.7,4,0,0
612,0.4099,0.3836,18.1,17.9,1,0,0
586,0.2883,0.4131,1.3,2.3,2,0,0
587,0.2921,1.8611,11.9,4.9,0,0,0
591,0.372,0.1591,14.5,10.3,0,0,0
640,0.2595,0.3384,14.4,8.9,2,0,0
602,0.3816,0.2214,9.2,3.9,2,0,0
603,0.2506,1.5844,13.7,10.6,2,0,0
538,0.3181,0.5087,13.9,7.8,4,0,0
613,0.4112,1.943,15.5,13.9,2,0,0
648,0.2482,0.4393,12.2,11.2,0,0,0
597,0.1171,0.0631,9.7,5.3,1,0,0
676,0.0582,0.236,14.4,8.5,1,0,0
562,0.4644,0.33,8.6,7.4,2,0,0
612,0.4729,0.2842,13.5,11.5,1,0,0
585,0.2969,0.2678,2.8,1.5,0,0,0
571,0.6004,0.2578,7.3,7.1,0,0,0
604,0.2529,0.3865,10.4,10.6,0,0,0
676,0.4371,0.2127,19.9,14.6,1,0,0
569,0.5562,0.639,12.5,6.7,2,0,0
614,0.2261,0.4337,0.0,1.6,0,0,0
568,0.5644,0.4564,12.2,8.8,2,0,0
590,0.1864,0.2277,9.5,6.0,0,0,0
608,0.5235,0.3355,11.6,9.6,0,0,0
595,0.2806,2.0935,10.4,9.7,0,0,0
549,0.6432,0.6834,12.7,9.3,1,0,0
568,0.3725,0.4945,0.0,0.0,1,0,0
660,0.1337,0.4036,8.2,6.0,0,0,0
623,0.0627,0.3831,16.3,11.9,4,0,0
505,0.573,0.1784,0.0,5.2,3,0,0
657,0.2143,0.9075,9.4,6.8,1,0,0
512,0.6394,0.4726,5.1,3.2,1,0,0
614,0.5088,0.4252,13.1,10.5,1,0,0
657,0.0548,0.1326,14.9,9.8,2,0,0
577,0.3102,0.2482,3.4,1.0,1,0,0
676,0.0963,1.286,21.4,11.8,0,0,0
659,0.1488,1.1004,16.1,10.1,1,0,0
602,0.369,0.9424,14.4,6.3,0,0,0
659,0.2467,0.0957,14.6,10.8,1,0,0
638,0.0837,0.3497,8.1,6.1,1,0,0
666,0.3445,0.2616,19.2,14.8,0,0,0
576,0.3964,0.542,8.1,3.6,2,0,0
593,0.4648,0.6382,6.8,1.9,0,0,0
579,0.17,0.3282,1.9,5.4,1,0,0
586,0.4995,0.4323,7.2,4.9,0,0,0
591,0.334,1.031,13.3,10.7,1,0,0
627,0.1761,0.5732,8.6,6.3,1,0,0
614,0.1425,0.1881,0.4,1.8,2,0,0
565,0.2813,1.3871,1.0,1.2,2,0,0
525,0.3262,0.5025,5.3,2.1,3,0,0
629,0.2744,0.4812,7.3,6.2,1,0,0
603,0.2364,0.208,1.3,1.5,0,0,0
574,0.4052,0.7075,10.5,4.0,4,0,0
540,0.5142,0.4489,9.2,7.0,1,0,0
627,0.1755,0.311,11.5,7.3,2,0,0
657,0.0304,0.569,16.5,10.2,1,0,0
583,0.2131,0.4493,0.0,2.0,2,0,0
626,0.1901,0.4144,7.8,5.3,2,0,0
633,0.1598,0.6392,9.4,6.5,1,0,0
558,0.3843,0.6442,6.9,5.0,3,0,0
643,0.0622,0.8812,11.8,8.2,0,0,0
609,0.3115,1.0294,7.6,5.1,0,0,0
573,0.3598,0.372,8.8,9.1,1,0,0
573,0.3683,0.7508,16.6,10.3,2,0,0
570,0.15,0.5077,2.3,0.0,2,0,0
595,0.2466,0.2122,4.2,3.0,2,0,0
573,0.5216,1.1595,13.4,7.5,2,0,0
597,0.5424,0.8979,13.9,7.5,0,0,0
639,0.1771,1.1813,16.4,11.4,2,0,0
616,0.1705,0.3499,1.3,1.5,0,0,0
535,0.4283,0.7426,15.7,10.6,2,0,0
572,0.1101,0.2613,17.6,11.4,3,0,0
598,0.1351,1.0416,0.0,0.0,1,0,0
608,0.1482,0.1449,17.7,12.3,1,0,0
641,0.2531,0.077,0.0,0.0,2,0,0
553,0.4834,0.8655,1.3,0.0,1,0,0
649,0.4689,1.4946,18.7,14.8,2,0,0
518,0.5932,0.3181,8.7,3.2,1,0,0
677,0.106,0.4436,17.3,10.8,1,0,0
640,0.2008,1.0285,15.9,8.0,0,0,0
559,0.3747,0.4642,6.7,5.0,0,0,0
528,0.6233,0.655,2.8,0.5,1,0,0
594,0.3545,0.4315,18.4,12.5,2,0,0
636,0.2443,0.6356,10.7,6.0,1,0,0
603,0.1508,0.2459,4.3,0.9,1,0,0
577,0.3559,0.8845,10.0,2.0,0,0,0
658,0.0739,0.6631,6.2,3.2,1,0,0
677,0.0732,0.5592,6.2,1.9,1,0,0
589,0.2772,1.2549,9.3,7.5,2,0,0
624,0.4527,0.798,16.4,15.6,1,0,0
603,0.4277,0.5082,11.6,11.8,1,0,0
612,0.0843,1.3667,7.2,4.9,1,0,0
562,0.182,0.5552,0.8,0.0,3,0,0
607,0.2519,0.0573,1.0,0.0,0,0,0
517,0.2144,0.6882,0.0,0.0,3,0,0
499,0.6384,0.317,0.4,0.0,1,0,0
504,0.5722,0.2636,15.0,9.0,4,0,0
574,0.3673,0.6839,12.0,5.1,1,0,0
629,0.1879,0.5971,9.2,7.8,0,0,0
666,0.4476,0.7228,14.9,11.4,0,0,0
594,0.2709,0.7404,0.4,0.0,1,0,0
595,0.2805,1.2048,5.7,5.7,1,0,0
656,0.103,0.3923,17.5,12.4,2,0,0
534,0.5666,1.5107,2.4,2.7,2,0,0
621,0.0708,0.4062,8.7,7.6,2,0,0
611,0.4018,1.2167,11.1,8.5,0,0,0
603,0.2015,0.2408,0.0,0.0,0,0,0
607,0.2083,0.2416,4.4,5.2,1,0,0
607,0.2849,1.2643,8.4,7.4,1,0,0
600,0.2836,0.1989,6.9,6.4,1,0,0
615,0.2956,0.066,13.9,7.1,1,0,0
618,0.0723,0.7668,12.6,5.9,1,0,0
555,0.66,0.3925,8.0,8.6,3,0,0
594,0.3117,0.3772,0.0,0.0,0,0,0
589,0.1491,0.1894,11.5,8.6,2,0,0
693,0.2,0.6774,0.0,2.4,0,0,0
594,0.0533,0.8067,12.0,11.7,2,0,0
625,0.105,0.4007,0.0,1.1,1,0,0
572,0.3065,1.3713,9.2,5.4,3,0,0
618,0.3585,1.7735,5.0,2.9,1,0,0
609,0.261,0.3911,8.2,6.5,3,0,0
622,0.4758,0.3713,14.7,10.6,0,0,0
611,0.0937,0.431,10.1,5.6,3,0,0
616,0.1938,0.1796,18.7,7.8,0,0,0
647,0.0929,0.6278,13.6,8.0,3,0,0
607,0.4674,0.9625,12.9,8.6,0,0,0
673,0.1508,0.3979,10.1,7.1,1,0,0
626,0.4148,0.3136,12.6,12.2,1,0,0
640,0.0841,0.6584,9.8,9.0,1,0,0
607,0.2177,0.3362,2.7,1.0,2,0,0
595,0.4584,0.5008,7.2,6.0,0,0,0
609,0.1021,0.3503,16.1,5.9,2,0,0
568,0.6566,1.1281,17.9,15.0,2,0,0
634,0.3054,1.4918,6.4,3.5,0,0,0
584,0.4416,0.4252,8.3,6.2,2,0,0
582,0.0787,0.3115,1.2,0.9,2,0,0
590,0.4048,0.3078,9.2,8.5,3,0,0
552,0.0645,0.6892,0.0,0.0,3,0,0
591,0.2983,0.3078,2.2,3.2,1,0,0
572,0.1387,0.3714,1.2,1.6,3,0,0
628,0.3406,0.4459,8.0,5.8,0,0,0
558,0.5224,0.2052,9.0,6.1,1,0,0
668,0.0751,0.37,9.1,5.4,1,0,0
602,0.4719,1.9918,0.0,0.0,0,0,0
642,0.1132,0.6564,13.9,9.0,0,0,0
659,0.3114,0.3586,12.3,9.4,0,0,0
656,0.2373,0.3687,16.3,9.1,2,0,0
632,0.1676,0.8149,9.8,7.0,2,0,0
662,0.108,0.5287,8.4,8.9,0,0,0
613,0.2929,0.6013,4.3,2.1,0,0,0
634,0.1866,0.2341,11.1,8.6,2,0,0
628,0.2,0.6994,13.7,4.9,0,0,0
581,0.414,0.8363,12.0,5.2,0,0,0
639,0.4521,0.9279,18.6,12.8,1,0,0
637,0.0401,0.7144,11.1,7.6,3,0,0
592,0.2541,0.2478,3.6,2.6,0,0,0
562,0.4321,0.575,0.0,4.4,2,0,0
600,0.2233,0.3657,0.0,0.0,0,0,0
708,0.0715,0.2778,14.3,10.2,0,0,0
520,0.6097,0.2507,18.4,11.4,3,0,0
588,0.2339,0.7942,0.0,1.5,2,0,0
673,0.1544,0.3337,21.5,12.7,0,0,0
642,0.2535,0.4788,20.7,13.1,2,0,0
622,0.0824,0.2289,7.8,3.7,1,0,0
542,0.4471,0.7936,6.9,6.5,3,0,0
614,0.1525,0.2015,3.2,2.5,3,0,0
596,0.3273,0.539,11.8,8.8,1,0,0
589,0.4561,0.4883,1.9,0.9,1,0,0
640,0.271,0.6939,14.8,12.8,0,0,0
596,0.1839,0.3156,7.4,4.9,2,0,0
654,0.1959,0.9674,5.0,7.4,0,0,0
633,0.3126,0.5248,8.7,8.6,0,0,0
604,0.3387,1.9553,5.7,1.0,0,0,0
636,0.2282,0.9479,6.5,5.8,1,0,0
623,0.3593,0.5419,9.6,9.3,2,0,0
551,0.5938,0.5906,7.5,4.4,0,0,0
644,0.0683,0.8489,11.8,9.1,2,0,0
591,0.1522,0.4178,15.8,8.1,4,0,0
625,0.1279,1.0581,15.6,8.9,3,0,0
529,0.4296,0.6176,0.0,0.0,3,0,0
581,0.1237,0.6467,1.3,0.0,1,0,0
571,0.2928,0.556,2.3,1.7,1,0,0
602,0.3298,0.5108,16.8,13.1,2,0,0
612,0.162,0.5343,13.6,7.7,2,0,0
515,0.6735,0.3065,11.2,5.2,2,0,0
620,0.0439,0.3366,12.3,5.5,2,0,0
608,0.3298,0.1175,11.3,10.3,3,0,0
580,0.1513,0.3052,0.0,0.0,1,0,0
688,0.1555,0.3593,15.6,11.5,0,0,0
661,0.0209,0.5111,4.9,6.0,2,0,0
589,0.1809,0.5269,8.2,3.8,4,0,0
630,0.0798,0.6941,10.7,5.8,1,0,0
650,0.2316,0.5633,14.4,10.4,1,0,0
485,0.5706,1.6524,13.9,10.2,5,0,0
607,0.1869,0.6378,7.6,4.3,1,0,0
550,0.2705,1.0583,12.4,8.1,3,0,0
592,0.4623,1.5002,13.2,9.4,1,0,0
651,0.1035,0.7187,11.2,7.0,0,0,0
590,0.2977,0.8186,5.0,2.8,0,0,0
619,0.2548,0.3937,16.1,15.2,1,0,0
576,0.3485,0.4394,15.0,12.5,3,0,0
530,0.4145,0.5099,6.5,6.7,3,0,0
591,0.2772,0.1478,1.6,0.4,1,0,0
631,0.0251,0.1756,10.5,3.9,2,0,0
684,0.0632,0.8534,5.5,8.8,0,0,0
587,0.4062,0.6179,11.2,6.6,0,0,0
617,0.1774,0.2494,16.7,12.3,2,0,0
597,0.1987,0.2172,10.9,9.2,1,0,0
571,0.3025,1.4411,6.5,3.4,0,0,0
605,0.0781,0.4049,12.4,10.5,1,0,0
496,0.5937,0.3789,9.6,6.7,3,0,0
592,0.5028,0.1201,10.2,6.6,1,0,0
561,0.3674,1.1888,4.6,2.1,2,0,0
644,0.1395,0.3102,7.0,2.9,0,0,0
510,0.463,0.4892,11.6,4.4,5,0,0
666,0.1777,0.1352,5.3,9.3,3,0,0
695,0.11,1.2026,22.3,18.5,1,0,0
590,0.4983,0.2242,7.4,5.4,1,0,0
621,0.4851,0.1134,3.7,5.7,1,0,0
629,0.2431,0.5883,6.1,7.1,1,0,0
660,0.3665,0.4177,5.0,4.7,0,0,0
604,0.4139,0.281,11.9,7.6,1,0,0
580,0.1624,0.296,4.4,5.2,4,0,0
683,0.2779,1.1579,14.9,12.2,0,0,0
628,0.1118,0.4163,7.5,6.8,2,0,0
589,0.2518,0.3636,8.3,5.1,0,0,0
609,0.1702,0.1245,0.0,0.8,2,0,0
506,0.756,0.3439,12.1,9.0,2,0,0
570,0.3271,1.1046,4.6,2.5,1,0,0
592,0.5142,0.199,6.5,5.3,1,0,0
672,0.2298,0.9333,7.1,7.5,0,0,0
630,0.2687,0.4409,10.8,10.6,0,0,0
633,0.1217,0.8761,4.9,4.4,1,0,0
619,0.0799,0.3401,12.1,8.1,3,0,0
628,0.0656,0.3059,13.7,11.3,1,0,0
616,0.3927,0.1893,15.1,8.8,0,0,0
641,0.465,0.1948,15.4,10.0,0,0,0
579,0.3004,0.7592,2.5,4.3,2,0,0
574,0.329,0.5087,10.7,11.2,2,0,0
622,0.2288,0.3028,6.2,6.6,3,0,0
628,0.1563,0.5082,14.5,10.0,0,0,0
522,0.5422,0.2938,11.3,3.5,1,0,0
684,0.0031,0.5488,15.1,12.1,1,0,0
657,0.1351,0.6799,17.3,13.2,1,0,0
559,0.2865,0.1617,3.4,3.5,2,0,0
529,0.2392,0.5761,3.2,0.0,3,0,0
557,0.506,0.3917,3.4,1.7,2,0,0
612,0.1105,0.3246,2.8,5.7,1,0,0
527,0.474,0.4183,1.6,0.0,0,0,0
624,0.3952,0.8308,21.1,15.9,0,0,0
566,0.5178,0.3939,9.2,5.1,1,0,0
576,0.237,1.4744,17.3,13.1,5,0,0
579,0.153,0.9402,2.1,1.1,2,0,0
590,0.2382,0.5188,2.2,4.0,2,0,0
654,0.2485,1.4919,18.9,13.3,1,0,0
608,0.641,0.5583,17.2,14.0,1,0,0
640,0.4099,0.5009,5.1,7.8,0,0,0
666,0.0762,0.2792,11.9,10.3,0,0,0
628,0.126,0.248,1.2,2.0,1,0,0
622,0.1846,1.4274,6.6,6.9,2,0,0
650,0.0559,0.3739,9.6,7.8,0,0,0
620,0.2889,1.5984,13.6,8.3,3,0,0
695,0.3424,0.681,18.9,11.5,0,0,0
604,0.4271,0.1326,7.4,6.6,0,0,0
586,0.2119,0.1768,2.5,0.5,1,0,0
644,0.0774,0.1892,0.0,0.0,0,0,0
635,0.1163,0.4825,10.1,6.7,0,0,0
529,0.6757,0.5779,5.8,0.6,2,0,0
641,0.3043,0.2318,1.5,0.0,0,0,0
606,0.2162,0.975,11.3,6.4,3,0,0
586,0.3277,1.4863,1.4,5.9,1,0,0
662,0.0439,0.1826,11.5,9.6,2,0,0
526,0.7094,1.3256,2.1,0.6,1,0,0
554,0.402,0.0831,15.5,9.3,2,0,0
589,0.285,0.9212,9.1,1.5,3,0,0
635,0.1968,0.507,21.0,11.8,1,0,0
640,0.4166,0.3957,13.4,6.1,0,0,0
647,0.3408,0.5338,13.1,7.2,1,0,0
583,0.3845,1.1425,2.0,1.4,3,0,0
593,0.3203,1.7719,6.9,4.5,2,0,0
602,0.3632,0.3944,5.2,1.9,1,0,0
689,0.0482,0.2583,15.5,10.7,0,0,0
631,0.2404,0.4007,3.4,0.0,1,0,0
584,0.4125,0.3532,5.6,4.8,1,0,0
615,0.1307,0.1786,10.4,8.8,2,0,0
542,0.4316,0.316,5.0,4.5,1,0,0
667,0.0987,0.3212,12.6,11.0,0,0,0
481,0.7445,0.6144,5.2,0.6,3,0,0
595,0.2632,1.1703,16.7,11.8,1,0,0
592,0.6387,0.6135,12.6,6.9,0,0,0
608,0.3223,0.3828,2.0,0.0,1,0,0
583,0.2426,0.1363,3.9,0.0,0,0,0
599,0.4377,0.2451,8.6,11.0,2,0,0
610,0.291,0.4509,9.7,8.6,1,0,0
630,0.1478,0.4733,10.7,10.7,2,0,0
636,0.2668,0.6995,11.5,8.8,1,0,0
636,0.1516,0.0821,12.5,7.1,0,0,0
589,0.145,0.7213,6.0,5.5,3,0,0
618,0.4118,0.5227,18.6,17.7,1,0,0
544,0.6961,0.4636,15.6,12.0,1,0,0
647,0.1442,0.2967,4.9,3.2,0,0,0
547,0.6131,0.4986,6.7,5.2,2,0,0
582,0.3813,0.7612,9.3,8.7,1,0,0
571,0.2251,0.5295,1.9,1.3,1,0,0
652,0.3462,0.5369,18.1,12.4,0,0,0
678,0.1497,0.2751,13.4,8.0,1,0,0
612,0.3061,0.4744,14.7,11.0,1,0,0
559,0.3438,0.4103,5.8,1.5,1,0,0
610,0.1078,0.4817,4.6,2.5,1,0,0
609,0.2489,0.2242,9.1,6.1,1,0,0
607,0.0417,0.5374,16.9,9.7,2,0,0
557,0.2175,0.4363,5.8,4.0,4,0,0
595,0.3024,0.2185,4.9,5.3,2,0,0
619,0.0104,0.5274,12.9,11.9,4,0,0
576,0.1767,0.6871,3.2,1.8,2,0,0
623,0.1542,0.9392,0.0,0.0,0,0,0
647,0.1393,0.8117,7.4,4.7,1,0,0
543,0.5135,0.7143,9.3,7.8,2,0,0
611,0.1929,0.4063,3.5,1.2,0,0,0
640,0.2478,1.1114,0.3,0.0,1,0,0
628,0.1394,0.1708,3.6,3.1,1,0,0
597,0.4548,0.7703,14.1,10.9,3,0,0
593,0.2399,0.1633,6.8,5.2,1,0,0
592,0.2289,0.6357,0.0,0.2,0,0,0
607,0.3771,0.2805,17.9,11.6,1,0,0
649,0.0689,0.4941,8.5,6.0,0,0,0
524,0.7605,0.4155,8.9,1.5,1,0,0
668,0.268,0.3945,16.6,14.7,1,0,0
558,0.4571,0.6,0.7,0.8,1,0,0
574,0.2905,1.5484,7.6,9.5,2,0,0
636,0.3894,0.2976,11.5,10.6,0,0,0
690,0.1036,1.2917,10.6,5.8,0,0,0
602,0.4508,0.387,0.0,0.0,1,0,0
579,0.1659,0.7307,10.0,4.8,0,0,0
646,0.2294,0.2752,18.1,11.3,2,0,0
659,0.1574,0.874,10.6,4.3,0,0,0
584,0.4068,1.4525,14.6,8.4,1,0,0
602,0.3625,0.2831,11.4,5.9,1,0,0
660,0.2828,0.6573,9.7,8.6,0,0,0
609,0.0893,0.7747,5.5,0.6,3,0,0
592,0.3771,0.4169,1.5,5.5,0,0,0
656,0.1693,0.1709,12.4,8.0,2,0,0
585,0.3351,1.5366,9.2,9.1,3,0,0
620,0.0623,0.8595,8.3,3.9,1,0,0
575,0.2259,0.3526,10.1,8.6,3,0,0
654,0.1336,0.5639,11.2,4.9,1,0,0
487,0.6935,0.291,6.0,1.3,2,0,0
640,0.2228,0.7368,10.5,9.5,3,0,0
553,0.5911,0.3761,1.6,0.9,2,0,0
539,0.5352,0.6205,5.5,3.5,0,0,0
619,0.1403,0.3587,4.0,0.8,1,0,0
552,0.4647,0.3261,14.0,8.1,1,0,0
561,0.3641,0.3691,0.0,0.0,0,0,0
613,0.54,0.3064,6.8,3.7,0,0,0
618,0.2709,1.5669,8.0,6.1,1,0,0
558,0.2482,0.0774,2.1,1.6,3,0,0
531,0.427,0.7013,13.4,9.6,4,0,0
601,0.3718,1.1582,0.0,0.0,1,0,0
619,0.3009,1.4509,4.7,3.7,1,0,0
582,0.2913,0.3436,10.1,6.4,3,0,0
603,0.3308,0.883,0.7,0.0,0,0,0
563,0.2307,0.7979,1.3,0.0,3,0,0
641,0.1615,1.6365,9.5,8.0,1,0,0
628,0.2056,0.633,9.4,2.3,0,0,0
604,0.2221,0.512,8.2,3.3,0,0,0
602,0.2959,0.9938,12.3,8.9,0,0,0
584,0.4882,0.773,0.0,0.0,1,0,0
611,0.0784,0.3293,11.8,9.0,1,0,0
610,0.6125,0.1732,19.6,13.9,1,0,0
588,0.3126,0.195,18.2,11.4,3,0,0
633,0.1033,0.2857,15.8,7.7,1,0,0
619,0.1342,0.1267,0.0,1.5,0,0,0
658,0.0838,0.3409,7.5,4.9,0,0,0
593,0.4941,0.1853,0.0,0.0,1,0,0
571,0.287,0.3746,12.3,4.4,1,0,0
596,0.2908,0.0691,9.9,7.6,2,0,0
613,0.4168,0.3933,0.0,0.0,1,0,0
639,0.1828,0.443,9.1,4.1,1,0,0
602,0.1423,1.1263,1.5,3.4,0,0,0
579,0.4856,0.8082,15.2,6.9,0,0,0
633,0.0724,0.5059,0.0,0.0,1,0,0
527,0.6003,1.0015,6.8,6.2,1,0,0
646,0.0296,0.5493,12.4,9.7,2,0,0
661,0.0114,0.59,14.3,7.4,0,0,0
644,0.1858,0.2944,5.1,6.2,0,0,0
650,0.0883,0.3698,3.5,5.3,1,0,0
609,0.3649,1.2784,6.8,6.8,0,0,0
563,0.2985,0.369,2.0,0.0,1,0,0
634,0.0474,0.3235,10.2,6.7,2,0,0
632,0.05,0.1564,5.1,6.1,2,0,0
588,0.298,0.7359,2.1,2.4,0,0,0
604,0.238,0.4604,0.6,0.0,0,0,0
499,0.3996,0.161,2.7,1.5,3,0,0
564,0.4807,0.4798,0.2,0.0,0,0,0
660,0.1607,0.3863,0.3,2.5,0,0,0
632,0.2419,0.3465,13.9,9.5,2,0,0
592,0.2126,0.3791,8.3,9.3,3,0,0
638,0.1541,0.2951,8.7,2.4,1,0,0
647,0.3505,0.2409,11.9,6.4,0,0,0
588,0.5297,0.5042,11.9,8.2,1,0,0
609,0.1433,0.3028,2.6,6.3,1,0,0
591,0.4662,0.1992,12.3,8.8,1,0,0
606,0.1517,0.2841,9.9,5.4,3,0,0
604,0.5366,1.0149,12.2,8.6,1,0,0
610,0.2043,0.2637,0.0,0.0,0,0,0
577,0.4106,0.8318,4.2,4.8,1,0,0
610,0.2205,1.5992,0.7,2.2,2,0,0
626,0.0829,0.3985,21.6,18.3,3,0,0
522,0.4899,0.2973,3.0,0.0,3,0,0
660,0.1809,0.7961,13.7,6.0,1,0,0
663,0.0504,0.4434,14.4,9.6,1,0,0
591,0.3544,0.398,4.5,4.8,1,0,0
553,0.3685,0.6711,8.0,7.6,2,0,0
601,0.2214,0.6703,3.3,2.8,1,0,0
650,0.2022,1.4331,12.7,10.5,1,0,0
596,0.4547,0.4154,6.9,7.9,2,0,0
570,0.1977,0.1149,3.4,0.8,1,0,0
549,0.5885,0.2589,1.0,3.6,0,0,0
588,0.3668,0.3021,5.1,6.6,1,0,0
632,0.1937,0.2771,11.9,7.2,1,0,0
599,0.1815,0.2405,14.0,7.9,2,0,0
576,0.4386,0.5204,12.4,10.2,2,0,0
650,0.2914,0.6426,11.1,11.8,2,0,0
613,0.272,0.3297,11.3,6.2,1,0,0
610,0.3386,0.1261,9.0,10.1,1,0,0
566,0.6892,0.4344,13.8,7.7,1,0,0
561,0.131,1.2945,1.5,0.6,2,0,0
645,0.0527,0.4785,11.6,5.9,0,0,0
595,0.3101,0.2715,9.5,7.5,1,0,0
595,0.3511,0.2222,13.8,9.9,1,0,0
585,0.2978,0.284,12.6,8.9,2,0,0
619,0.0818,0.5646,11.1,6.5,2,0,0
602,0.2897,0.6604,5.2,2.8,0,0,0
628,0.127,0.465,9.1,6.2,0,0,0
522,0.6036,0.3006,13.4,8.9,2,0,0
577,0.21,0.2906,6.8,4.7,2,0,0
560,0.3642,0.5529,0.0,0.0,1,0,0
526,0.4709,0.1685,10.2,2.8,2,0,0
630,0.0788,0.3382,3.6,3.2,3,0,0
592,0.1314,1.1526,4.7,4.0,1,0,0
600,0.5022,0.819,10.4,7.7,3,0,0
574,0.1221,0.4831,1.1,1.8,1,0,0
583,0.0311,0.5308,4.6,2.3,2,0,0
583,0.5195,0.5308,8.1,5.0,0,0,0
639,0.271,0.6387,13.7,8.6,1,0,0
524,0.4054,1.4536,0.0,0.0,2,0,0
688,0.1793,1.6175,13.3,10.5,1,0,0
598,0.1345,0.6813,5.3,5.3,1,0,0
616,0.2148,0.2302,0.5,2.2,1,0,0
568,0.5057,0.2369,7.4,4.6,2,0,0
640,0.2024,1.3009,21.7,13.8,0,0,0
570,0.3127,0.8932,17.5,11.3,2,0,0
582,0.125,0.5402,5.1,2.5,4,0,0
621,0.206,0.8255,10.7,3.5,1,0,0
560,0.0804,0.276,3.7,3.2,3,0,0
637,0.2447,1.486,8.3,7.5,1,0,0
626,0.2104,0.4796,4.4,3.5,1,0,0
569,0.5161,0.1112,4.4,3.1,2,0,0
593,0.2462,0.2994,5.4,2.5,0,0,0
626,0.5595,1.0218,2.0,2.9,0,0,0
651,0.1285,0.2987,18.2,12.6,1,0,0
525,0.6664,0.2537,0.0,0.0,1,0,0
632,0.1739,0.2724,12.1,11.1,0,0,0
596,0.2581,0.7057,0.0,1.3,1,0,0
609,0.3283,0.1691,9.6,10.0,0,0,0
572,0.3765,0.6861,2.4,4.0,1,0,0
570,0.1949,1.0367,9.1,5.1,1,0,0
643,0.2854,0.3654,10.2,6.6,0,0,0
556,0.3742,0.3636,12.7,10.9,1,0,0
592,0.5287,0.5259,10.8,5.2,0,0,0
606,0.1628,0.3896,3.2,5.6,1,0,0
610,0.2572,0.5152,4.7,3.9,2,0,0
568,0.489,0.233,10.1,8.7,2,0,0
635,0.3133,0.2765,9.5,7.3,0,0,0
631,0.1951,0.2131,14.7,10.4,3,0,0
567,0.4365,0.5371,8.1,5.1,1,0,0
527,0.5975,0.16,6.2,4.0,1,0,0
627,0.1724,1.3508,2.9,0.0,1,0,0
542,0.3962,0.5453,1.2,2.0,3,0,0
612,0.3465,0.2485,0.0,4.4,1,0,0
588,0.2982,0.6939,13.7,7.9,1,0,0
546,0.3873,0.6026,1.4,0.0,0,0,0
639,0.3691,1.3166,10.5,10.5,0,0,0
561,0.0772,0.2916,15.4,11.5,6,0,0
562,0.346,1.4667,2.5,3.6,1,0,0
602,0.5891,0.3458,12.2,9.5,0,0,0
548,0.4475,0.1417,8.1,3.8,1,0,0
549,0.5007,0.3338,5.0,5.3,3,0,0
553,0.3035,0.7028,9.3,5.5,1,0,0
546,0.4203,0.2227,7.3,3.5,0,0,0
621,0.3836,0.2889,14.5,11.4,1,0,0
691,0.0549,0.627,21.3,15.3,0,0,0
584,0.3443,0.635,1.5,1.9,0,0,0
525,0.5506,0.4218,11.5,8.8,3,0,0
673,0.0729,1.5688,14.4,11.7,1,0,0
605,0.5163,0.4153,1.6,3.7,1,0,0
589,0.1412,0.2837,0.0,0.4,2,0,0
668,0.101,1.2933,10.9,10.5,0,0,0
567,0.5655,0.4878,3.9,5.0,2,0,0
499,0.6957,0.4166,8.9,7.7,1,0,0
598,0.1004,0.6695,3.4,1.2,3,0,0
624,0.4962,0.4377,9.2,8.4,1,0,0
484,0.5506,1.7153,12.9,9.9,6,0,0
597,0.2625,0.4913,13.9,7.0,3,0,0
515,0.8309,0.199,7.1,2.6,0,0,0
637,0.2731,0.4296,11.3,5.5,1,0,0
605,0.3577,0.2316,0.0,0.0,0,0,0
575,0.3119,0.9476,7.8,3.3,0,0,0
623,0.3213,0.1778,4.4,4.8,2,0,0
622,0.2539,0.3518,2.3,1.8,0,0,0
578,0.3093,0.3794,0.0,1.8,1,0,0
477,0.8232,0.0787,10.8,5.3,3,0,0
591,0.131,0.298,20.6,11.3,2,0,0
611,0.0132,0.4573,7.1,3.2,3,0,0
681,0.1456,0.1523,17.5,13.6,0,0,0
588,0.3537,0.677,16.6,13.1,1,0,0
591,0.3255,0.3484,3.0,1.6,1,0,0
538,0.5393,0.3305,5.3,4.4,1,0,0
657,0.0474,0.7451,13.2,8.2,0,0,0
587,0.4335,0.7013,11.0,6.2,1,0,0
622,0.2543,0.336,0.6,1.2,1,0,0
752,0.0266,0.0775,18.8,14.5,0,0,0
532,0.3094,0.5789,11.3,11.5,5,0,0
610,0.1284,0.3123,15.6,8.9,3,0,0
497,0.6206,1.348,5.9,1.9,3,0,0
613,0.3863,0.1541,11.2,6.8,1,0,0
648,0.1271,0.2757,14.7,11.5,1,0,0
662,0.1641,0.2149,12.5,12.8,1,0,0
623,0.111,0.5326,5.8,4.3,1,0,0
557,0.4224,0.9935,6.6,2.9,1,0,0
602,0.3227,1.5804,9.9,4.7,2,0,0
659,0.1223,0.1395,10.9,6.5,1,0,0
547,0.5625,0.671,5.7,4.4,2,0,0
570,0.5872,0.4814,4.0,4.2,0,0,0
556,0.4084,0.6395,0.0,0.4,3,0,0
615,0.3482,0.3492,10.7,6.1,1,0,0
595,0.3053,0.1975,1.1,0.0,1,0,0
684,0.0525,0.2858,15.6,12.2,0,0,0
579,0.2448,0.2811,7.9,4.4,2,0,0
653,0.1024,0.5949,11.2,6.9,0,0,0
594,0.3666,1.056,0.0,0.0,0,0,0
661,0.1531,1.4983,17.5,9.1,1,0,0
650,0.1842,0.5305,14.7,13.6,2,0,0
599,0.2051,0.1583,11.3,6.6,2,0,0
658,0.244,1.1506,22.3,11.7,0,0,0
614,0.4475,0.6321,13.7,9.9,0,0,0
587,0.5887,0.1861,16.1,11.0,1,0,0
599,0.2791,0.8024,3.1,0.0,1,0,0
667,0.19,0.3109,7.5,7.5,0,0,0
623,0.1948,1.5248,10.7,8.8,3,0,0
632,0.1059,0.3045,1.7,2.9,0,0,0
674,0.529,0.7093,11.6,8.7,1,0,0
570,0.2837,0.2828,15.5,8.2,4,0,0
593,0.344,0.3445,7.8,5.3,3,0,0
613,0.2659,0.2128,5.2,2.7,3,0,0
568,0.5775,1.0943,1.8,0.0,0,0,0
606,0.3227,0.6538,3.2,5.5,1,0,0
634,0.2311,1.5436,0.0,0.0,0,0,0
529,0.4972,0.4689,6.6,3.7,0,0,0
625,0.0371,0.9077,4.3,3.1,1,0,0
582,0.4971,0.5539,8.6,6.8,2,0,0
667,0.2972,0.5498,10.0,10.4,0,0,0
594,0.2792,0.678,10.4,7.0,1,0,0
594,0.4173,1.0213,1.7,1.8,1,0,0
615,0.2255,0.3602,0.4,0.0,0,0,0
696,0.3097,0.5736,15.6,12.1,0,0,0
644,0.2987,0.5861,14.7,14.2,2,0,0
687,0.3275,0.226,19.5,12.8,1,0,0
615,0.3056,0.8607,15.8,12.7,1,0,0
542,0.4786,0.4483,6.9,2.0,1,0,0
577,0.3275,1.1278,10.8,6.9,2,0,0
557,0.253,0.6804,0.0,0.0,1,0,0
587,0.2464,0.2054,2.0,2.1,1,0,0
595,0.249,0.2092,10.9,7.4,4,0,0
628,0.2069,1.6942,9.9,9.2,0,0,0
599,0.2512,0.1389,0.0,0.0,1,0,0
544,0.4614,0.7437,2.1,2.9,3,0,0
598,0.182,0.9133,3.4,2.7,0,0,0
627,0.4459,0.5801,0.2,0.0,1,0,0
617,0.085,0.4847,12.4,4.2,2,0,0
630,0.3737,0.6364,17.9,12.8,2,0,0
518,0.5357,0.3136,2.2,0.2,4,0,0
549,0.39,0.331,6.7,5.2,1,0,0
515,0.424,1.36,3.6,0.0,2,0,0
618,0.0952,0.1359,0.0,1.1,1,0,0
596,0.3177,0.339,10.9,10.8,2,0,0
618,0.6298,1.01,19.0,12.8,1,0,0
564,0.1736,0.6548,0.1,0.0,0,0,0
617,0.309,0.6367,1.1,0.7,1,0,0
609,0.2014,0.6619,12.8,7.5,1,0,0
553,0.2204,0.7877,0.2,0.0,0,0,0
602,0.1697,0.2932,6.5,4.1,1,0,0
587,0.4169,0.6255,7.4,7.2,2,0,0
605,0.2979,0.8323,14.5,9.0,1,0,0
608,0.3344,0.772,8.3,7.2,2,0,0
620,0.1212,0.7328,4.9,3.0,4,0,0
655,0.2651,0.2471,3.8,2.5,1,0,0
600,0.3397,0.3785,9.0,8.5,1,0,0
620,0.3193,0.9631,2.8,1.4,0,0,0
645,0.1308,0.4146,17.4,13.7,2,0,0
618,0.137,0.3197,15.0,10.0,1,0,0
556,0.2938,0.1376,2.5,2.9,0,0,0
629,0.1714,0.3779,13.1,8.6,1,0,0
642,0.2303,0.3416,1.6,1.5,0,0,0
622,0.2118,0.3196,17.4,12.7,2,0,0
596,0.3038,0.4775,0.0,1.4,0,0,0
579,0.6036,0.405,14.5,11.1,2,0,0
563,0.1478,1.028,0.7,0.0,0,0,0
583,0.534,0.2033,0.1,3.7,1,0,0
601,0.2039,0.9425,4.3,3.1,3,0,0
680,0.1352,0.3718,14.4,11.9,1,0,0
616,0.1955,0.5074,4.7,0.0,0,0,0
674,0.1326,0.1905,16.5,13.2,0,0,0
623,0.1819,0.2304,0.0,1.5,0,0,0
665,0.1884,0.3022,5.5,4.3,0,0,0
595,0.353,2.1447,17.2,7.5,2,0,0
561,0.2873,0.5407,0.4,0.0,3,0,0
622,0.2115,0.2312,9.8,4.8,1,0,0
621,0.2629,0.4969,3.8,5.0,1,0,0
648,0.0179,1.4863,11.3,5.5,1,0,0
666,0.1157,0.5781,3.9,3.8,1,0,0
544,0.2588,0.3577,1.6,0.5,2,0,0
582,0.3799,0.4025,1.2,3.0,2,0,0
584,0.3626,0.2283,5.8,4.5,3,0,0
565,0.5798,0.1074,5.5,2.6,1,0,0
624,0.2409,0.7895,5.2,2.1,0,0,0
682,0.1539,0.3989,17.4,11.3,0,0,0
628,0.1946,0.0902,12.2,2.4,0,0,0
676,0.092,0.3035,13.7,13.1,0,0,0
668,0.2842,0.3548,13.3,11.9,0,0,0
620,0.1446,0.2875,0.0,0.1,1,0,0
576,0.4838,0.3411,19.4,15.5,2,0,0
588,0.474,0.1453,6.0,4.1,1,0,0
614,0.197,0.2531,4.4,4.0,1,0,0
510,0.4105,0.9826,2.0,3.4,4,0,0
644,0.3697,0.8386,10.4,6.8,0,0,0
639,0.18,1.1918,3.4,3.9,0,0,0
643,0.1273,0.2261,12.5,5.2,2,0,0
650,0.1206,0.5551,15.7,11.4,1,0,0
637,0.2327,1.9453,0.0,0.0,0,0,0
646,0.1998,0.3359,19.3,12.8,1,0,0
678,0.1165,0.5266,12.2,8.1,0,0,0
616,0.1999,0.3948,9.6,6.2,0,0,0
596,0.3438,0.4833,6.3,6.6,2,0,0
591,0.2278,0.5454,1.5,0.9,2,0,0
697,0.0847,0.2118,18.8,18.8,0,0,0
612,0.2767,0.3236,12.4,6.8,0,0,0
617,0.5062,0.2083,7.8,6.6,0,0,0
675,0.1782,1.0763,8.0,7.4,0,0,0
602,0.277,0.2635,16.3,10.6,0,0,0
613,0.2705,0.2504,11.2,5.4,1,0,0
626,0.1323,0.6371,10.7,6.6,3,0,0
542,0.1318,0.2823,6.0,1.6,4,0,0
657,0.3459,0.3208,9.7,5.1,0,0,0
630,0.2925,1.2255,0.2,0.9,0,0,0
637,0.1764,0.4098,8.8,11.3,3,0,0
574,0.6353,0.4807,3.8,6.1,0,0,0
575,0.3458,0.3946,11.4,6.8,1,0,0
640,0.1827,0.936,16.7,13.6,2,0,0
570,0.2914,0.4973,11.9,7.6,1,0,0
584,0.3726,0.5292,4.6,1.5,0,0,0
623,0.4081,0.4728,15.7,10.8,1,0,0
638,0.1167,0.1964,0.7,0.0,0,0,0
615,0.3498,0.9542,15.5,7.5,0,0,0
633,0.129,0.1642,18.1,14.5,3,0,0
619,0.317,1.1412,7.2,7.8,1,0,0
589,0.2035,0.5034,13.0,4.1,1,0,0
645,0.5865,1.2015,17.3,15.0,1,0,0
641,0.3646,0.5477,15.5,13.2,0,0,0
655,0.0607,0.3916,13.3,8.6,0,0,0
600,0.2775,1.3714,8.5,6.9,2,0,0
628,0.3092,0.5645,14.4,13.7,2,0,0
594,0.1068,0.3111,11.9,10.8,2,0,0
606,0.3614,0.0841,7.0,5.9,0,0,0
606,0.2502,0.4427,12.1,7.2,0,0,0
579,0.4148,1.575,2.6,1.0,1,0,0
654,0.1229,0.5936,7.1,6.4,0,0,0
636,0.171,1.2717,16.3,12.5,1,0,0
626,0.2215,0.6323,15.1,12.9,1,0,0
610,0.2478,0.1563,14.6,7.3,1,0,0
574,0.5091,0.204,1.0,1.6,0,0,0
619,0.3021,0.77,5.1,5.0,1,0,0
564,0.2365,0.3095,3.7,2.1,2,0,0
654,0.0479,1.5812,5.2,8.4,1,0,0
563,0.5531,0.4806,0.2,0.0,1,0,0
570,0.4235,0.3417,15.5,10.7,3,0,0
648,0.0665,0.5256,5.0,5.0,0,0,0
634,0.0585,0.2893,9.7,8.5,3,0,0
669,0.1163,0.1857,17.5,11.8,1,0,0
644,0.1,0.2857,12.6,8.3,4,0,0
648,0.2141,0.2552,16.0,12.6,1,0,0
671,0.148,1.027,9.2,7.4,1,0,0
683,0.0364,0.5021,16.2,11.5,2,0,0
640,0.3071,0.7294,16.7,8.0,1,0,0
649,0.2561,0.6713,15.0,10.8,0,0,0
661,0.1442,1.0859,12.2,11.8,1,0,0
636,0.1622,0.7143,14.2,11.1,3,0,0
571,0.3461,0.3434,9.6,5.2,1,0,0
611,0.4069,0.4755,12.8,6.0,3,0,0
629,0.0889,1.5527,0.0,1.9,2,0,0
545,0.3309,0.2453,6.2,3.4,2,0,0
574,0.1511,0.3351,0.3,2.9,3,0,0
664,0.0438,0.2588,3.8,5.3,1,0,0
615,0.2424,0.3399,0.9,0.3,2,0,0
688,0.0719,0.9354,7.2,5.7,0,0,0
621,0.0253,0.3233,13.8,10.6,4,0,0
648,0.1262,0.3119,16.7,9.3,1,0,0
604,0.4324,0.6027,6.7,8.1,1,0,0
655,0.2685,0.5159,12.3,9.6,1,0,0
591,0.2456,0.6513,14.5,10.5,2,0,0
651,0.2457,1.0155,7.0,6.9,0,0,0
645,0.3832,0.6293,7.2,5.7,1,0,0
634,0.1527,0.7674,10.4,5.1,1,0,0
515,0.6064,0.6532,1.2,0.0,2,0,0
587,0.4419,0.397,4.9,0.0,0,0,0
617,0.379,0.378,7.9,5.7,1,0,0
589,0.097,0.423,5.5,5.0,3,0,0
620,0.1684,0.2636,8.5,5.6,0,0,0
520,0.3704,0.1461,0.0,0.0,0,0,0
625,0.4218,0.5207,14.9,9.4,2,0,0
629,0.2911,0.3085,9.8,6.1,1,0,0
548,0.6199,1.6873,16.5,13.3,4,0,0
641,0.2931,0.4883,14.0,12.7,0,0,0
543,0.3507,0.2424,5.5,0.0,1,0,0
615,0.1845,0.1529,15.2,10.5,1,0,0
610,0.1203,0.5621,10.0,5.8,1,0,0
670,0.0777,1.2793,3.5,1.9,0,0,0
568,0.1939,0.659,6.4,6.2,1,0,0
572,0.3963,0.2286,3.3,1.3,1,0,0
586,0.2875,0.3508,5.0,4.9,2,0,0
701,0.1366,0.7805,16.8,15.7,1,0,0
594,0.2832,0.3926,14.6,9.3,1,0,0
522,0.5364,0.5337,1.2,0.4,0,0,0
643,0.3956,0.3803,5.1,3.1,2,0,0
624,0.3129,0.8405,8.0,10.4,2,0,0
573,0.318,1.1435,7.0,3.9,0,0,0
674,0.3169,0.3259,15.8,14.0,0,0,0
532,0.4378,1.3392,5.8,4.0,1,0,0
511,0.5976,0.2686,9.6,7.1,4,0,0
625,0.5402,0.8026,3.5,4.1,0,0,0
572,0.2604,0.6046,12.5,8.0,2,0,0
572,0.5622,0.086,6.4,6.4,2,0,0
579,0.4257,0.1313,10.2,6.6,1,0,0
631,0.0885,0.6358,10.3,5.1,0,0,0
609,0.2889,0.2985,15.1,12.6,1,0,0
640,0.2579,1.3294,14.1,11.1,0,0,0
627,0.2496,1.4654,4.1,1.7,0,0,0
660,0.1589,0.4465,21.5,17.4,1,0,0
563,0.4477,0.3718,14.4,8.1,1,0,0
572,0.3979,0.2853,0.0,0.8,1,0,0
570,0.1733,0.7978,2.4,0.0,0,0,0
637,0.0963,0.4747,17.7,11.6,0,0,0
592,0.0912,0.1565,0.0,0.0,4,0,0
628,0.0973,0.5816,13.8,7.1,0,0,0
615,0.455,1.2399,11.4,8.0,1,0,0
602,0.4817,1.6357,11.8,8.9,4,0,0
577,0.5636,0.2354,6.2,5.6,1,0,0
640,0.2696,0.3901,10.7,7.5,0,0,0
617,0.2977,0.1854,7.3,6.0,1,0,0
655,0.0746,1.0274,19.4,11.3,1,0,0
605,0.4606,0.5251,13.8,7.9,2,0,0
637,0.1222,0.4049,10.3,7.2,2,0,0
558,0.4206,0.2039,3.0,0.3,2,0,0
582,0.3107,0.138,3.3,2.3,1,0,0
635,0.3309,0.3605,1.2,0.0,1,0,0
554,0.6497,0.4514,15.9,10.8,0,0,0
643,0.3007,0.2473,4.1,0.0,0,0,0
557,0.3603,0.9423,8.9,2.8,3,0,0
561,0.3921,0.2881,12.4,7.2,2,0,0
599,0.0572,0.7372,10.8,4.9,2,0,0
577,0.3179,0.4958,0.0,0.0,1,0,0
673,0.1336,0.292,15.9,12.1,1,0,0
637,0.1631,1.4453,0.0,1.9,1,0,0
596,0.4153,0.4447,8.9,8.0,1,0,0
586,0.1918,1.3024,3.5,2.2,1,0,0
557,0.3769,0.7897,1.9,1.0,0,0,0
624,0.0598,0.2544,7.2,5.2,2,0,0
613,0.1944,2.885,3.4,1.1,0,0,0
645,0.4304,0.9725,16.0,7.5,0,0,0
630,0.1193,0.7751,16.6,14.0,0,0,0
606,0.6039,1.0458,9.9,7.0,0,0,0
637,0.1532,0.2791,13.4,9.3,3,0,0
614,0.1,0.2779,2.9,1.4,0,0,0
582,0.3867,0.5284,14.4,11.3,0,0,0
635,0.1926,0.2861,3.5,2.2,0,0,0
597,0.4387,2.5487,4.6,2.2,2,0,0
559,0.3455,0.6311,12.8,8.3,1,0,0
706,0.1525,0.6889,10.7,7.6,0,0,0
662,0.19,1.6743,13.7,7.3,2,0,0
628,0.4226,0.5203,9.2,9.3,0,0,0
529,0.4385,0.359,5.9,2.9,1,0,0
623,0.3066,0.5197,19.5,12.1,3,0,0
594,0.3153,0.8395,17.2,11.3,0,0,0
603,0.1012,0.2498,7.2,6.9,1,0,0
606,0.2589,0.3321,8.7,5.6,3,0,0
634,0.2156,2.2376,2.2,3.9,0,0,0
570,0.242,0.3028,0.1,0.0,1,0,0
553,0.2467,0.335,8.1,2.8,5,0,0
647,0.1009,0.2466,10.3,5.5,1,0,0
567,0.3817,0.8619,10.1,5.7,2,0,0
612,0.3933,0.9979,19.7,15.1,1,0,0
571,0.2911,0.2189,8.5,5.0,2,0,0
545,0.3614,0.5732,16.2,9.0,1,0,0
583,0.5811,0.1564,8.9,3.3,1,0,0
566,0.4307,0.5541,9.2,2.8,2,0,0
583,0.297,0.7836,3.0,7.4,2,0,0
514,0.5529,1.1997,8.0,4.1,4,0,0
601,0.2776,0.4863,6.1,5.2,0,0,0
612,0.602,0.8211,15.1,8.2,0,0,0
625,0.2362,0.7005,8.6,8.5,0,0,0
639,0.1324,0.2887,7.1,3.3,1,0,0
605,0.4125,0.7565,6.4,8.2,0,0,0
632,0.5142,0.2983,18.9,17.2,1,0,0
541,0.4774,1.6133,4.6,1.0,1,0,0
553,0.4,0.5528,0.0,2.5,1,0,0
565,0.2812,1.3308,12.9,12.8,3,0,0
640,0.0455,0.2211,7.3,1.9,1,0,0
603,0.2046,0.6402,15.0,7.5,2,0,0
633,0.1845,0.1502,9.1,2.2,0,0,0
640,0.2817,0.289,5.7,2.1,0,0,0
558,0.5495,0.2071,16.1,9.3,3,0,0
538,0.5537,0.2564,11.8,7.6,1,0,0
517,0.6018,0.7658,10.8,5.0,2,0,0
681,0.015,0.4637,11.9,9.7,1,0,0
568,0.3225,0.2794,14.5,10.2,5,0,0
594,0.0902,0.2816,5.9,5.0,2,0,0
694,0.2052,0.3756,18.1,14.7,1,0,0
684,0.0438,0.1222,6.7,5.2,0,0,0
634,0.308,0.309,8.3,5.4,1,0,0
596,0.306,0.9736,0.0,0.0,0,0,0
682,0.279,0.3576,7.9,7.3,1,0,0
609,0.1408,0.398,0.0,0.5,0,0,0
661,0.2638,0.9617,11.9,8.8,0,0,0
632,0.166,0.2675,7.9,4.3,1,0,0
531,0.5385,0.4593,14.9,11.0,1,0,0
598,0.0674,0.6207,1.7,0.0,1,0,0
637,0.1672,0.5683,0.0,0.6,0,0,0
629,0.101,0.2624,2.5,1.2,2,0,0
568,0.2381,0.5612,11.9,9.8,2,0,0
658,0.1304,0.2176,16.6,9.0,0,0,0
644,0.2424,0.2527,1.1,0.9,0,0,0
643,0.1026,0.3376,15.7,12.4,1,0,0
628,0.1558,0.465,6.5,4.7,1,0,0
597,0.0996,0.8577,3.5,0.0,2,0,0
575,0.3096,0.2576,3.9,1.2,2,0,0
626,0.2758,0.2149,12.0,10.9,0,0,0
653,0.1212,0.5751,7.2,4.9,1,0,0
588,0.2355,0.4466,8.3,4.2,2,0,0
597,0.3978,0.2946,14.3,12.5,2,0,0
615,0.4405,0.3637,14.4,13.2,3,0,0
532,0.4848,0.5635,2.6,0.0,2,0,0
621,0.1375,0.2243,9.4,5.6,2,0,0
608,0.0365,0.3883,3.1,1.5,1,0,0
668,0.0685,1.449,5.3,4.8,1,0,0
570,0.2118,0.3071,4.5,2.8,2,0,0
610,0.1098,0.1055,8.8,6.4,2,0,0
613,0.1996,0.3552,5.1,3.3,0,0,0
611,0.3769,0.533,8.3,10.2,1,0,0
668,0.3923,0.6706,12.6,10.0,1,0,0
614,0.0301,0.2206,2.1,0.9,1,0,0
616,0.2694,0.3829,8.9,5.7,1,0,0
634,0.2107,0.6433,10.0,7.9,0,0,0
620,0.1806,0.7213,0.0,0.0,0,0,0
656,0.1353,0.6269,10.3,7.8,2,0,0
624,0.1972,0.9862,11.3,8.2,2,0,0
534,0.603,0.2581,13.6,7.8,1,0,0
565,0.263,0.2534,9.0,1.7,1,0,0
672,0.113,1.2413,12.0,4.9,2,0,0
586,0.33,0.1694,15.2,10.2,3,0,0
642,0.2465,0.1268,19.7,15.6,3,0,0
629,0.1281,1.1161,7.3,4.2,2,0,0
612,0.1388,0.3087,1.9,3.1,1,0,0
608,0.475,1.1934,17.4,11.4,0,0,0
569,0.2068,0.3689,2.0,0.0,2,0,0
533,0.3095,0.4626,3.6,0.0,3,0,0
584,0.3874,0.6338,8.6,4.2,0,0,0
517,0.4715,0.5599,2.1,1.8,2,0,0
510,0.3837,0.3889,0.5,0.3,1,0,0
619,0.1243,0.3372,0.7,0.0,1,0,0
552,0.489,0.5036,5.4,3.4,1,0,0
697,0.2044,0.295,13.0,11.3,0,0,0
687,0.0728,0.2557,3.8,6.4,0,0,0
628,0.1734,0.363,8.8,4.7,1,0,0
537,0.1993,0.8847,4.7,2.9,2,0,0
629,0.3292,0.2682,7.4,2.7,0,0,0
631,0.2974,0.1559,15.0,10.5,1,0,0
621,0.0349,0.2876,9.3,5.9,1,0,0
616,0.5195,0.6641,7.3,5.5,0,0,0
486,0.4677,0.291,1.4,2.7,2,0,0
584,0.1235,0.1604,0.0,0.0,2,0,0
561,0.5655,0.3842,0.0,0.0,3,0,0
634,0.2453,0.2256,7.6,4.8,0,0,0
583,0.4187,1.3564,3.7,2.9,1,0,0
650,0.221,0.3153,17.2,14.8,1,0,0
608,0.1195,0.6191,0.0,0.0,1,0,0
596,0.4099,0.2158,0.0,1.2,2,0,0
542,0.4588,0.3256,8.4,9.2,1,0,0
597,0.4889,0.279,5.2,1.9,0,0,0
563,0.3566,0.7696,8.1,6.0,3,0,0
574,0.3951,0.7408,1.3,1.2,1,0,0
571,0.2567,0.8711,13.2,6.6,1,0,0
659,0.2037,0.3275,13.5,10.6,0,0,0
554,0.6387,0.6391,10.5,9.6,1,0,0
617,0.1965,0.2845,5.9,2.8,2,0,0
592,0.171,0.7412,10.8,7.0,3,0,0
566,0.365,0.2973,17.4,8.7,1,0,0
586,0.3347,0.3539,10.5,9.5,0,0,0
601,0.364,0.9595,10.3,8.9,0,0,0
605,0.5466,0.4639,15.9,9.2,1,0,0
546,0.271,0.3868,7.1,3.3,3,0,0
652,0.1436,0.2746,6.9,4.0,0,0,0
580,0.1574,0.6735,0.0,2.6,2,0,0
580,0.5658,1.1957,8.4,5.7,0,0,0
660,0.2201,1.3691,9.7,7.1,0,0,0
659,0.2483,0.3289,14.9,10.7,0,0,0
620,0.2161,1.2861,7.5,8.0,1,0,0
570,0.5732,1.3866,6.7,3.9,0,0,0
618,0.1295,1.2641,11.2,7.6,1,0,0
588,0.4063,1.0509,4.4,5.4,1,0,0
626,0.2539,0.9377,13.0,11.4,2,0,0
617,0.1296,0.1448,3.0,0.0,2,0,0
499,0.4135,0.3676,8.0,1.7,3,0,0
649,0.0357,0.5878,13.4,9.4,2,0,0
600,0.2625,1.046,0.0,1.3,2,0,0
594,0.2942,0.8021,7.4,5.8,2,0,0
569,0.5547,0.6759,13.7,8.4,1,0,0
648,0.0738,0.6248,2.6,5.5,0,0,0
661,0.0347,0.6529,9.7,4.7,1,0,0
611,0.3257,1.0838,7.8,2.7,1,0,0
663,0.2155,0.2196,13.0,11.4,1,0,0
630,0.096,0.4416,11.3,7.1,1,0,0
656,0.1486,0.4063,18.5,16.3,2,0,0
610,0.2665,0.6558,0.0,0.0,2,0,0
563,0.2052,0.4176,0.1,0.0,0,0,0
654,0.3945,0.523,3.6,3.5,0,0,0
579,0.2652,0.1033,8.9,7.9,1,0,0
652,0.1318,0.3787,12.9,13.4,1,0,0
536,0.6984,0.273,16.6,13.3,2,0,0
634,0.4304,0.2992,19.0,15.4,1,0,0
629,0.1908,0.2945,16.8,10.6,2,0,0
667,0.1414,0.5875,11.4,9.9,0,0,0
600,0.4783,1.1575,4.8,4.6,0,0,0
617,0.1862,0.2371,13.3,8.1,1,0,0
629,0.3039,0.2677,12.4,5.9,0,0,0
645,0.0847,0.5184,10.6,5.6,2,0,0
580,0.2313,1.4271,5.4,2.7,2,0,0
645,0.1038,0.6115,6.5,4.2,0,0,0
650,0.1902,0.3778,15.4,12.3,1,0,0
620,0.305,0.524,10.2,9.0,2,0,0
598,0.2756,0.3535,4.2,6.4,2,0,0
651,0.3164,0.5692,9.7,7.6,0,0,0
510,0.3072,0.8846,11.7,5.3,5,0,0
555,0.2928,0.3575,1.9,0.0,2,0,0
585,0.3035,0.1805,10.1,6.6,2,0,0
660,0.331,0.3748,17.0,14.0,1,0,0
617,0.3468,0.5738,12.1,9.7,1,0,0
593,0.2997,0.3132,5.3,2.2,1,0,0
609,0.4302,0.2589,3.2,0.0,0,0,0
604,0.3037,0.4235,4.3,1.7,2,0,0
550,0.5445,0.46,7.7,2.9,0,0,0
589,0.2191,0.4816,10.7,7.3,2,0,0
652,0.0438,0.3073,7.8,6.3,1,0,0
577,0.1763,0.6353,7.6,5.9,1,0,0
569,0.4797,0.3731,3.8,1.7,1,0,0
619,0.4026,1.7429,21.0,14.8,2,0,0
530,0.7178,0.1663,0.0,0.0,1,0,0
614,0.1222,1.3274,15.1,9.2,1,0,0
643,0.1865,1.1592,8.6,6.6,0,0,0
577,0.4,0.4415,9.4,11.1,1,0,0
558,0.6148,0.555,8.1,8.4,1,0,0
560,0.5125,2.2579,11.0,5.1,2,0,0
630,0.1795,0.215,19.6,15.4,2,0,0
620,0.2979,0.3631,7.6,5.7,0,0,0
606,0.2847,0.2972,15.3,11.1,2,0,0
621,0.2276,0.2498,12.9,14.1,1,0,0
593,0.4472,0.7955,18.2,11.8,2,0,0
611,0.2819,0.565,6.5,5.6,1,0,0
656,0.273,0.2748,14.2,11.5,1,0,0
648,0.372,0.4247,11.9,6.9,1,0,0
601,0.2622,0.381,8.8,2.0,0,0,0
578,0.1161,0.4341,5.7,1.3,1,0,0
607,0.1316,0.5283,9.2,6.9,2,0,0
627,0.2002,0.1506,18.0,14.4,1,0,0
560,0.5327,0.2018,7.2,6.1,2,0,0
633,0.1697,0.7226,10.8,8.6,0,0,0
610,0.5892,0.3425,16.2,12.0,2,0,0
557,0.3814,0.1871,20.6,12.8,3,0,0
588,0.5515,0.2843,8.8,6.1,0,0,0
641,0.2611,0.3939,18.5,14.2,0,0,0
643,0.359,0.7529,16.6,12.6,1,0,0
577,0.5588,0.3284,3.3,5.6,2,0,0
645,0.0529,0.8644,11.5,6.9,3,0,0
545,0.4352,1.4584,0.4,0.0,0,0,0
605,0.235,0.531,1.5,0.0,1,0,0
570,0.3518,0.584,4.5,0.0,0,0,0
642,0.4231,0.3517,16.1,12.5,0,0,0
579,0.3963,1.2581,9.5,6.7,1,0,0
565,0.5093,1.3063,0.0,0.0,0,0,0
619,0.2456,0.3422,7.7,3.8,1,0,0
722,0.1787,0.2386,19.9,15.0,0,0,0
598,0.3008,0.3552,15.8,11.1,0,0,0
572,0.8977,0.3736,14.4,13.2,2,0,0
606,0.3551,0.3147,13.1,9.2,0,0,0
627,0.3084,0.1693,17.5,13.1,0,0,0
625,0.2112,0.1068,18.2,15.9,2,0,0
646,0.2437,0.5009,0.0,0.0,1,0,0
638,0.1815,0.36,13.2,8.4,1,0,0
619,0.4494,1.3624,14.5,13.0,0,0,0
616,0.1147,0.585,15.8,7.9,1,0,0
606,0.4215,0.4573,10.6,6.9,0,0,0
578,0.4672,0.2597,16.5,11.0,0,0,0
532,0.6584,1.151,10.9,5.9,2,0,0
565,0.5111,0.4529,2.7,2.9,2,0,0
644,0.0704,0.2844,11.4,6.8,1,0,0
632,0.0965,0.1342,7.1,5.2,2,0,0
630,0.1535,1.5761,18.4,11.0,1,0,0
582,0.4777,0.7074,3.2,2.8,0,0,0
632,0.0516,0.9715,1.6,5.3,0,0,0
651,0.0701,0.7321,8.0,5.5,2,0,0
597,0.24,0.2348,6.2,4.3,0,0,0
695,0.1637,0.306,15.8,8.7,0,0,0
624,0.1959,0.2769,8.8,7.8,0,0,0
603,0.2638,1.1376,0.7,0.3,1,0,0
640,0.0507,0.663,13.4,10.2,1,0,0
537,0.5104,0.7739,10.8,9.5,3,0,0
669,0.0328,0.2194,7.7,5.0,0,0,0
598,0.2603,1.248,8.3,7.9,0,0,0
711,0.1899,0.8091,10.2,9.3,0,0,0
563,0.7005,0.1465,5.2,4.3,0,0,0
637,0.1096,0.4767,6.2,4.7,1,0,0
539,0.1132,0.2736,0.8,0.6,2,0,0
640,0.2944,0.6769,8.6,7.1,0,0,0
655,0.1613,0.1087,9.3,7.5,1,0,0
623,0.2083,0.313,11.1,4.9,0,0,0
617,0.0987,0.2427,1.1,0.0,0,0,0
632,0.0885,0.2234,5.3,5.6,2,0,0
622,0.5447,0.1847,13.5,9.9,1,0,0
587,0.3082,0.5381,16.1,10.8,2,0,0
633,0.2129,0.5463,13.6,13.0,3,0,0
667,0.181,0.2232,16.1,12.9,1,0,0
538,0.4669,0.4601,1.3,3.1,1,0,0
498,0.5871,1.4128,5.3,3.3,2,0,0
543,0.4145,0.3016,4.0,3.6,2,0,0
571,0.4294,0.3986,2.6,1.7,0,0,0
604,0.0415,0.6869,8.2,3.7,1,0,0
639,0.149,1.0636,11.4,8.4,2,0,0
540,0.1957,0.7377,6.4,4.4,4,0,0
618,0.2792,0.8302,9.9,6.8,2,0,0
607,0.1623,0.6464,0.9,2.6,1,0,0
568,0.3,0.8137,3.7,2.4,2,0,0
630,0.1969,1.0231,7.5,5.4,2,0,0
601,0.318,0.4323,5.8,4.3,3,0,0
592,0.2506,0.6224,1.4,2.0,3,0,0
488,0.6864,0.692,0.0,0.6,1,0,0
601,0.1628,0.4381,8.7,7.5,1,0,0
610,0.1607,0.5786,12.4,6.1,1,0,0
659,0.3531,0.3415,5.0,3.8,0,0,0
584,0.4526,1.0678,16.2,11.1,0,0,0
651,0.1992,0.3012,11.2,5.2,0,0,0
577,0.3248,1.2289,13.4,6.5,0,0,0
670,0.1734,0.1671,18.4,11.6,1,0,0
621,0.0422,0.5845,10.0,5.7,1,0,0
669,0.0074,0.5882,14.6,9.7,2,0,0
633,0.1296,1.0568,17.9,12.8,1,0,0
590,0.0698,0.6516,4.8,4.3,3,0,0
580,0.106,0.2531,7.1,2.5,3,0,0
619,0.0695,0.2462,16.4,9.7,2,0,0
524,0.3585,0.2753,6.2,2.6,2,0,0
645,0.1026,0.4315,12.3,8.4,0,0,0
603,0.4778,0.5338,15.9,11.2,1,0,0
545,0.2516,0.2992,13.9,11.7,2,0,0
568,0.3083,0.2141,2.0,0.0,2,0,0
586,0.3117,0.5678,14.2,11.5,1,0,0
629,0.1104,1.4883,12.6,5.9,0,0,0
582,0.688,0.9067,12.5,8.8,3,0,0
607,0.1275,0.3307,7.8,6.6,2,0,0
648,0.1667,1.006,10.2,8.4,1,0,0
541,0.5472,0.2744,13.7,13.0,3,0,0
606,0.2209,0.2905,12.9,13.8,3,0,0
542,0.2478,0.1896,2.8,2.8,2,0,0
591,0.2105,0.1241,2.1,0.0,3,0,0
565,0.6258,0.286,14.0,17.4,1,0,0
591,0.3529,0.3484,8.8,8.4,1,0,0
619,0.3847,0.5031,14.6,12.3,3,0,0
544,0.5768,0.6752,5.2,2.8,1,0,0
608,0.2025,0.1535,6.6,4.4,1,0,0
606,0.2302,0.5033,10.8,5.9,2,0,0
651,0.1506,0.3358,6.5,5.9,2,0,0
657,0.0726,0.6594,14.3,9.1,0,0,0
653,0.3635,0.3846,14.8,11.8,1,0,0
650,0.0596,0.2872,0.0,0.0,0,0,0
623,0.1209,0.3606,13.0,11.0,4,0,0
691,0.1642,0.532,15.1,11.1,0,0,0
685,0.1382,0.7826,19.8,16.4,0,0,0
553,0.7035,0.2781,12.1,12.7,2,0,0
594,0.2814,0.6194,5.3,4.3,1,0,0
576,0.3635,0.1669,3.4,5.1,1,0,0
627,0.2272,0.3857,14.5,12.9,1,0,0
592,0.2661,0.1261,10.1,7.0,2,0,0
623,0.1139,0.7741,11.2,8.4,2,0,0
629,0.1839,0.4644,16.1,11.8,1,0,0
603,0.4101,0.4392,15.7,10.1,0,0,0
616,0.191,0.4197,8.0,4.7,2,0,0
636,0.5488,0.2677,11.3,10.4,1,0,0
621,0.5357,1.0415,18.9,11.8,3,0,0
623,0.1153,1.3478,7.3,4.8,2,0,0
550,0.4068,0.139,18.9,12.6,3,0,0
631,0.293,0.4514,9.1,7.3,2,0,0
665,0.3143,0.5364,12.3,13.2,0,0,0
643,0.1443,1.1323,11.6,7.7,2,0,0
575,0.3503,0.1967,9.1,3.5,4,0,0
664,0.1939,0.5583,12.3,8.8,2,0,0
503,0.6251,0.1964,1.8,0.0,3,0,0
581,0.1578,1.5732,0.0,0.5,1,0,0
688,0.0872,0.9441,11.1,6.2,0,0,0
449,0.6078,0.4638,2.5,2.1,2,0,0
567,0.3792,1.08,7.8,3.1,1,0,0
691,0.2292,0.582,11.4,7.4,0,0,0
497,0.8068,0.2056,2.7,0.0,0,0,0
671,0.2166,0.4812,6.1,6.8,1,0,0
590,0.3922,1.4467,15.6,9.5,0,0,0
590,0.3975,0.5138,10.1,8.2,0,0,0
582,0.3857,0.3786,0.8,0.9,1,0,0
569,0.674,0.675,4.8,3.8,1,0,0
588,0.1334,1.3492,4.2,3.7,3,0,0
642,0.182,0.5122,3.5,3.7,0,0,0
640,0.339,0.3718,9.7,9.4,0,0,0
556,0.591,0.3216,0.0,1.9,1,0,0
680,0.2336,0.7489,1.9,4.4,1,0,0
606,0.1322,0.5262,12.6,6.7,2,0,0
650,0.1817,0.1418,13.9,7.0,0,0,0
657,0.0888,0.3091,15.5,14.2,1,0,0
557,0.3838,0.5197,3.0,3.2,0,0,0
569,0.4482,0.5915,15.4,8.7,1,0,0
530,0.3283,0.8729,11.7,7.6,4,0,0
598,0.3557,0.4294,3.8,3.7,1,0,0
530,0.6312,0.6518,5.3,3.6,2,0,0
627,0.3268,0.3398,17.9,13.8,1,0,0
581,0.1851,0.211,8.5,3.6,2,0,0
552,0.657,0.5887,1.7,1.1,2,0,0
552,0.4562,0.2446,4.2,3.2,2,0,0
558,0.4047,1.0023,0.4,0.0,0,0,0
595,0.1479,0.6375,10.9,7.1,2,0,0
600,0.4471,0.3705,10.6,6.5,1,0,0
601,0.4551,0.1543,1.5,0.0,1,0,0
662,0.1377,0.7147,19.1,12.1,1,0,0
619,0.1548,0.6007,12.6,9.2,3,0,0
581,0.4753,0.5038,14.6,8.3,1,0,0
594,0.4617,0.9904,16.2,10.0,1,0,0
522,0.3514,0.269,1.0,0.0,3,0,0
649,0.0616,1.1198,0.5,3.2,0,0,0
560,0.4841,0.6758,1.2,2.7,1,0,0
552,0.3462,1.0877,0.9,3.0,1,0,0
616,0.1462,0.8861,12.1,9.2,3,0,0
540,0.2205,0.6264,3.9,3.3,3,0,0
581,0.0858,1.5381,15.4,10.4,1,0,0
570,0.4892,1.5064,7.8,8.1,2,0,0
635,0.0697,0.2513,15.4,10.8,2,0,0
604,0.2722,0.3105,14.5,6.2,1,0,0
563,0.4357,0.38,10.8,3.7,3,0,0
556,0.3372,0.4473,3.8,3.4,0,0,0
670,0.1125,0.7912,10.2,5.2,1,0,0
616,0.0811,0.3459,4.5,3.3,2,0,0
648,0.1606,0.7724,10.4,8.8,1,0,0
586,0.2415,1.5081,15.9,9.5,2,0,0
730,0.0793,0.6327,17.1,11.4,0,0,0
564,0.2807,0.7967,1.6,0.6,1,0,0
587,0.317,1.0311,12.4,6.9,1,0,0
571,0.4056,1.5347,1.7,0.0,1,0,0
596,0.2085,0.2155,2.1,0.0,1,0,0
616,0.1403,0.5908,7.8,2.5,2,0,0
618,0.2254,0.1044,17.4,11.8,3,0,0
556,0.2906,0.2683,9.4,6.2,2,0,0
635,0.3551,0.2154,8.5,4.9,0,0,0
673,0.194,0.1819,19.5,10.8,0,0,0
562,0.3982,1.0507,3.4,4.6,1,0,0
587,0.3507,0.7257,11.7,6.9,0,0,0
677,0.0756,0.7273,10.1,12.2,1,0,0
640,0.1146,0.3216,0.5,2.1,0,0,0
559,0.6563,0.7205,0.0,0.0,1,0,0
632,0.5473,0.1771,11.2,10.3,0,0,0
688,0.148,0.279,15.8,9.7,1,0,0
559,0.2711,1.0099,4.2,1.1,2,0,0
568,0.2401,1.4781,15.2,10.1,3,0,0
598,0.057,0.8235,3.4,4.6,1,0,0
604,0.1152,0.1381,4.0,3.8,1,0,0
642,0.2828,0.4546,15.7,11.4,2,0,0
545,0.4753,0.463,7.9,3.9,0,0,0
617,0.0542,0.3528,3.1,4.1,0,0,0
581,0.2696,0.5054,7.1,3.0,1,0,0
653,0.1704,0.8415,14.5,12.2,1,0,0
630,0.2704,0.2135,9.0,7.0,1,0,0
580,0.2769,0.439,8.1,4.5,2,0,0
604,0.2935,0.3293,14.8,14.6,2,0,0
608,0.5298,0.2005,5.2,5.5,0,0,0
627,0.0806,1.471,0.0,1.1,0,0,0
559,0.1354,0.5035,8.7,6.3,1,0,0
605,0.2751,0.1409,4.3,0.7,1,0,0
587,0.3835,0.4112,0.8,0.6,0,0,0
642,0.5536,1.0457,16.9,15.0,0,0,0
538,0.5513,0.8201,2.6,0.0,0,0,0
610,0.3487,1.4753,5.0,4.6,0,0,0
642,0.0739,0.2205,0.6,3.2,2,0,0
611,0.4461,0.2081,1.9,4.2,1,0,0
585,0.257,1.6631,5.1,1.8,0,0,0
628,0.2391,0.3977,20.9,13.5,0,0,0
575,0.3177,0.3149,10.2,7.3,1,0,0
528,0.3467,0.2602,12.8,9.9,2,0,0
594,0.3214,0.6796,0.6,3.0,1,0,0
580,0.2188,0.2878,16.5,11.1,2,0,0
685,0.126,0.9056,11.9,10.2,0,0,0
586,0.1891,0.4623,18.5,7.8,2,0,0
571,0.5423,0.703,11.5,7.5,2,0,0
545,0.2144,0.3638,5.9,6.0,3,0,0
663,0.19,0.2701,13.0,10.8,1,0,0
609,0.4456,1.0093,5.1,1.7,1,0,0
635,0.381,1.0365,10.6,9.5,1,0,0
562,0.5495,1.2372,8.1,2.8,2,0,0
632,0.1351,1.4843,7.6,7.7,2,0,0
640,0.1895,1.1871,11.2,7.4,2,0,0
573,0.2265,0.4116,11.3,7.0,3,0,0
559,0.2662,0.2115,12.6,8.2,1,0,0
666,0.1326,0.6065,18.9,14.0,1,0,0
643,0.1459,0.1416,3.0,6.3,0,0,0
680,0.0441,0.2391,17.3,14.5,2,0,0
619,0.1878,0.3457,14.4,7.8,3,0,0
626,0.4795,0.1321,16.3,9.3,0,0,0
558,0.1223,0.4448,10.7,3.7,2,0,0
578,0.3279,0.7015,15.8,11.7,2,0,0
655,0.0188,0.6439,13.0,8.8,1,0,0
622,0.2604,0.4863,0.0,1.3,0,0,0
570,0.2654,0.8489,0.0,0.0,1,0,0
608,0.3406,0.3946,18.6,12.2,2,0,0
649,0.1416,0.2294,15.2,7.7,2,0,0
594,0.4356,1.4043,13.2,11.4,2,0,0
694,0.0725,1.1327,16.4,10.3,1,0,0
575,0.3503,1.0049,1.1,0.0,1,0,0
660,0.0916,0.6905,11.0,9.6,0,0,0
601,0.337,0.3979,16.9,8.9,0,0,0
635,0.1154,0.5099,11.5,9.1,0,0,0
627,0.3054,0.4535,18.5,11.4,0,0,0
619,0.367,0.5384,8.7,5.9,2,0,0
641,0.2234,1.0849,4.0,0.0,2,0,0
606,0.3069,0.0782,13.2,10.4,2,0,0
647,0.3219,0.7545,1.3,5.0,0,0,0
600,0.0557,0.1227,4.1,0.3,3,0,0
578,0.3174,0.2711,3.5,4.8,2,0,0
615,0.2252,0.9284,14.1,9.8,1,0,0
614,0.2736,0.2404,5.6,5.0,1,0,0
636,0.0423,0.2455,12.7,6.5,0,0,0
672,0.0729,0.6882,0.0,0.0,1,0,0
603,0.4916,0.6035,13.7,9.8,1,0,0
598,0.5451,0.3855,1.6,0.7,0,0,0
641,0.2189,0.4419,11.7,8.5,0,0,0
679,0.2186,0.9367,15.1,7.6,0,0,0
646,0.23,0.5849,7.3,6.3,1,0,0
608,0.4603,0.2504,15.9,11.9,2,0,0
605,0.2245,0.1145,9.2,8.7,0,0,0
599,0.2039,0.4662,11.6,8.8,1,0,0
633,0.4624,0.5461,12.8,13.5,1,0,0
717,0.0903,0.7148,19.5,17.7,1,0,0
635,0.1178,0.2426,0.0,0.0,1,0,0
603,0.1415,0.8126,9.8,6.8,4,0,0
663,0.1334,0.7485,12.3,6.9,1,0,0
565,0.4328,0.6978,7.6,2.6,2,0,0
618,0.2682,0.6341,2.2,1.1,0,0,0
668,0.453,0.2636,18.2,11.5,0,0,0
631,0.2957,0.1794,11.6,6.5,0,0,0
652,0.5087,0.4152,16.4,12.2,0,0,0
572,0.3226,0.3994,16.6,8.5,0,0,0
611,0.24,1.4652,6.1,1.9,0,0,0
600,0.142,0.5379,8.8,2.2,1,0,0
638,0.2735,0.4803,17.9,9.8,1,0,0
620,0.2015,0.4802,12.6,7.6,0,0,0
596,0.319,0.6727,9.3,8.1,1,0,0
555,0.051,0.1419,5.2,7.5,5,0,0
572,0.3107,0.3841,4.8,0.0,2,0,0
677,0.0955,0.5831,10.6,9.2,0,0,0
653,0.2078,0.4798,15.5,8.9,0,0,0
548,0.3429,1.3398,0.0,0.3,2,0,0
660,0.131,0.0696,9.6,7.9,0,0,0
645,0.1672,0.2966,9.6,9.5,0,0,0
663,0.1882,1.7567,5.5,8.6,0,0,0
665,0.2202,0.2599,5.5,5.9,0,0,0
597,0.3092,0.4846,7.4,4.2,1,0,0
552,0.4225,0.3512,6.7,1.6,1,0,0
618,0.0372,0.3367,0.4,0.7,1,0,0
615,0.4202,0.406,10.6,8.7,1,0,0
519,0.8437,0.2258,8.7,3.8,1,0,0
587,0.3542,0.1619,7.4,6.7,2,0,0
570,0.5056,0.3476,1.3,0.1,0,0,0
595,0.4008,0.551,12.8,6.7,2,0,0
577,0.4042,0.4457,5.3,4.0,1,0,0
584,0.4427,0.6184,10.8,5.8,1,0,0
596,0.0568,0.8219,17.4,9.9,5,0,0
589,0.3793,0.1878,5.8,4.6,1,0,0
597,0.3038,0.568,0.7,1.3,1,0,0
543,0.7148,0.4881,12.8,8.2,2,0,0
551,0.4662,0.336,1.5,1.6,1,0,0
679,0.1249,0.5486,10.7,9.8,0,0,0
594,0.2353,1.4443,0.0,1.7,1,0,0
604,0.1488,1.0103,3.1,0.5,1,0,0
630,0.1372,0.9739,13.5,9.5,3,0,0
555,0.601,0.3508,4.2,1.5,1,0,0
580,0.5755,1.2923,10.7,4.7,0,0,0
589,0.1806,0.3105,3.0,3.4,3,0,0
662,0.1053,1.3971,12.2,10.5,0,0,0
645,0.1224,0.7242,12.3,7.7,1,0,0
604,0.324,0.4314,11.3,8.4,1,0,0
714,0.0662,1.2735,1.3,4.0,0,0,0
594,0.2433,0.418,7.0,6.9,3,0,0
616,0.2834,0.5092,13.8,8.5,1,0,0
541,0.5021,1.7565,3.7,2.4,3,0,0
582,0.3114,0.2198,15.0,9.1,1,0,0
662,0.0675,0.6605,15.1,11.0,0,0,0
582,0.6021,0.4124,6.9,4.9,1,0,0
647,0.3179,0.8178,11.4,5.7,2,0,0
560,0.6457,0.4696,9.2,5.5,0,0,0
565,0.3156,0.2027,1.9,0.0,2,0,0
564,0.5491,0.6001,13.7,7.5,1,0,0
574,0.3445,0.5658,2.3,2.4,4,0,0
550,0.1081,0.4397,7.9,5.8,3,0,0
641,0.1552,0.4655,6.4,6.4,1,0,0
534,0.5965,0.404,3.7,2.7,0,0,0
517,0.7493,0.2006,5.0,3.1,1,0,0
630,0.2141,0.3948,8.6,9.7,0,0,0
532,0.3668,0.1957,0.5,0.0,4,0,0
680,0.0439,0.5432,6.8,4.0,1,0,0
676,0.2676,0.4369,18.6,13.1,0,0,0
594,0.588,1.0986,13.0,7.5,0,0,0
672,0.1456,0.5925,14.1,10.4,0,0,0
581,0.4054,1.1323,11.3,6.5,2,0,0
584,0.5045,0.4525,6.3,3.5,1,0,0
618,0.3395,0.1992,10.2,5.6,0,0,0
663,0.0615,0.5562,6.1,0.7,0,0,0
581,0.1394,0.1497,5.5,0.0,1,0,0
585,0.3825,0.3316,7.6,2.5,0,0,0
608,0.23,0.2478,7.0,7.2,2,0,0
587,0.2514,0.5969,0.0,0.2,1,0,0
593,0.2631,0.3434,5.8,3.1,1,0,0
647,0.2495,0.4369,14.8,8.3,0,0,0
588,0.2732,0.4872,4.6,5.7,1,0,0
599,0.1133,0.9068,11.4,6.7,0,0,0
614,0.4411,0.5007,15.2,8.9,1,0,0
551,0.4114,0.4469,6.1,0.5,1,0,0
546,0.4208,0.2295,7.8,1.0,0,0,0
555,0.7055,0.3703,4.3,3.9,0,0,0
614,0.5659,0.262,1.2,4.2,0,0,0
647,0.2647,0.4611,5.4,4.4,1,0,0
639,0.1931,1.0105,21.5,15.6,2,0,0
545,0.6083,0.9826,7.1,8.6,0,0,0
617,0.4747,0.3316,8.8,7.2,1,0,0
573,0.6101,0.5192,1.6,1.1,2,0,0
604,0.4179,0.1498,10.4,8.4,4,0,0
616,0.2055,0.2247,5.1,5.4,1,0,0
615,0.2825,1.9654,12.4,9.7,3,0,0
642,0.0686,0.1341,1.5,0.1,0,0,0
552,0.2037,1.4064,3.0,2.9,5,0,0
633,0.0872,0.3089,13.4,8.0,1,0,0
574,0.4171,0.5891,4.2,2.9,0,0,0
618,0.1595,0.8863,0.0,0.8,2,0,0
656,0.29,0.7147,10.4,11.0,0,0,0
660,0.2079,0.362,19.8,14.7,2,0,0
518,0.7087,0.1745,8.8,6.2,2,0,0
532,0.3154,0.6686,0.0,0.0,3,0,0
543,0.324,0.5171,7.0,3.7,2,0,0
585,0.079,0.8241,5.9,3.4,1,0,0
603,0.4852,0.7546,9.2,6.5,1,0,0
720,0.0627,1.0745,11.4,9.8,0,0,0
576,0.2594,0.8938,4.8,0.8,2,0,0
583,0.2637,0.5685,0.0,1.5,2,0,0
514,0.5322,0.3797,3.8,1.5,2,0,0
620,0.2538,0.0982,14.5,8.7,0,0,0
597,0.2536,1.03,7.8,6.5,1,0,0
657,0.2415,0.7904,15.5,10.1,2,0,0
644,0.4069,0.2487,0.8,1.5,0,0,0
614,0.1701,0.2916,11.0,8.5,0,0,0
578,0.2955,0.8633,6.2,6.0,4,0,0
657,0.2816,0.3354,3.9,5.4,0,0,0
577,0.4105,0.8413,8.4,2.4,0,0,0
603,0.037,0.7253,2.3,2.0,3,0,0
541,0.4883,0.5054,2.0,0.0,1,0,0
632,0.2497,1.049,6.2,5.2,2,0,0
612,0.1054,0.3581,6.1,1.5,2,0,0
567,0.1101,0.3199,1.0,0.8,2,0,0
582,0.1418,0.11,5.4,0.0,2,0,0
598,0.327,0.7084,7.7,5.5,1,0,0
637,0.2249,0.3536,12.3,8.6,3,0,0
620,0.1449,1.0745,3.7,1.2,1,0,0
635,0.2564,0.3042,15.1,9.8,0,0,0
656,0.1547,1.4163,13.2,8.5,2,0,0
534,0.3364,0.4587,6.8,1.7,2,0,0
561,0.3224,0.7264,7.8,2.9,0,0,0
645,0.2799,0.2119,9.3,6.9,2,0,0
624,0.1866,1.0233,13.9,11.9,2,0,0
634,0.3209,0.4674,19.0,14.9,0,0,0
621,0.2518,0.2295,13.5,5.4,0,0,0
623,0.5236,1.0843,4.0,5.3,0,0,0
554,0.7138,0.1548,6.9,7.4,3,0,0
571,0.1476,0.1772,6.1,2.8,1,0,0
619,0.4345,0.2263,12.9,7.6,0,0,0
587,0.1025,0.5136,12.5,7.7,4,0,0
653,0.3185,1.5544,6.2,5.0,0,0,0
526,0.4283,0.4879,1.7,0.6,1,0,0
658,0.1056,0.7833,14.1,10.6,2,0,0
558,0.365,0.283,3.2,0.0,2,0,0
626,0.0587,0.3861,4.5,1.0,1,0,0
618,0.1605,0.5351,6.2,2.6,1,0,0
610,0.4197,0.6357,7.8,3.8,1,0,0
564,0.3533,1.3179,5.7,4.8,1,0,0
607,0.1815,0.2788,12.7,9.4,1,0,0
576,0.2934,0.2231,3.3,3.6,3,0,0
610,0.285,0.3949,15.1,12.7,0,0,0
613,0.3414,0.2693,10.7,8.3,2,0,0
613,0.1801,0.6091,11.9,4.8,1,0,0
555,0.1481,0.3491,0.0,0.0,2,0,0
599,0.2603,0.7759,11.1,7.2,1,0,0
633,0.382,1.0732,12.2,9.1,1,0,0
640,0.2985,1.6912,16.7,9.8,0,0,0
543,0.4976,1.1992,5.2,6.6,2,0,0
600,0.1222,1.2841,8.5,5.1,3,0,0
624,0.1402,0.6587,13.9,9.1,0,0,0
615,0.3535,0.9102,5.1,3.2,0,0,0
612,0.3432,0.4045,13.6,8.5,2,0,0
563,0.2886,0.7571,4.7,0.0,2,0,0
622,0.1872,1.0872,14.9,12.9,2,0,0
594,0.1,0.208,3.0,0.8,0,0,0
627,0.3071,0.2186,14.1,11.1,1,0,0
618,0.2486,0.3296,12.9,8.2,0,0,0
542,0.4346,1.3902,8.0,4.3,3,0,0
603,0.3098,1.0068,7.6,2.8,0,0,0
570,0.4421,0.4743,9.3,2.9,2,0,0
601,0.6193,0.3456,15.6,10.0,2,0,0
611,0.1567,0.6094,15.0,9.5,2,0,0
595,0.568,0.4809,13.6,12.4,0,0,0
516,0.3139,0.2746,5.1,3.7,3,0,0
635,0.1155,0.5672,0.0,2.3,0,0,0
572,0.1185,0.3753,2.6,0.0,1,0,0
617,0.2683,2.6052,0.1,0.2,1,0,0
587,0.5045,0.2255,4.1,4.0,0,0,0
571,0.3318,0.3546,3.7,2.8,0,0,0
640,0.2757,0.4416,18.3,13.1,1,0,0
587,0.0806,0.4398,11.0,7.2,4,0,0
655,0.2125,0.6534,13.5,7.1,1,0,0
627,0.2872,1.5031,18.0,9.9,0,0,0
560,0.3365,0.272,5.5,5.3,2,0,0
637,0.4399,0.4765,7.0,3.6,0,0,0
584,0.0546,0.409,0.0,0.0,1,0,0
586,0.4507,0.5317,11.2,6.5,4,0,0
589,0.3887,0.2628,6.6,2.8,0,0,0
516,0.3364,1.7728,1.2,0.0,3,0,0
619,0.139,0.9664,7.7,8.5,1,0,0
522,0.6366,0.2967,6.0,0.1,3,0,0
626,0.2271,0.8246,8.1,7.0,3,0,0
587,0.2377,0.946,0.0,2.2,1,0,0
581,0.3328,0.3626,4.5,3.4,1,0,0
580,0.2741,0.6889,8.3,5.5,1,0,0
582,0.4337,0.2531,9.3,7.0,0,0,0
579,0.1497,0.3553,0.0,0.0,1,0,0
620,0.2565,0.5077,15.3,12.7,1,0,0
601,0.4316,0.7017,14.7,12.5,2,0,0
608,0.3092,0.5594,9.6,7.8,0,0,0
572,0.3229,0.4996,4.1,0.0,2,0,0
648,0.2429,0.4729,5.3,5.1,1,0,0
597,0.1606,0.6997,2.8,4.5,1,0,0
658,0.1424,0.1735,5.4,5.0,0,0,0
569,0.3362,1.3389,8.2,7.7,1,0,0
541,0.6339,0.4949,7.9,4.1,1,0,0
642,0.0261,0.4889,9.4,5.6,2,0,0
624,0.255,1.1382,12.6,11.4,2,0,0
660,0.1254,0.2282,14.0,11.1,2,0,0
535,0.3585,0.4608,5.5,3.4,3,0,0
663,0.0317,0.7688,12.6,8.3,1,0,0
578,0.4992,2.1962,11.0,7.7,0,0,0
647,0.1547,0.1239,17.7,11.8,2,0,0
580,0.3809,0.5476,7.7,5.4,2,0,0
644,0.246,0.5338,0.0,6.3,1,0,0
606,0.3228,0.4211,7.5,3.8,1,0,0
590,0.4166,0.2902,10.1,3.5,1,0,0
620,0.135,0.4311,6.7,3.4,1,0,0
609,0.5244,0.4769,13.9,10.8,0,0,0
606,0.5464,0.3252,9.6,7.9,1,0,0
593,0.1243,0.4344,14.8,8.2,1,0,0
554,0.3755,0.8575,0.0,0.0,1,0,0
630,0.3508,0.9034,14.7,12.0,1,0,0
571,0.1995,0.6633,2.8,1.7,2,0,0
530,0.3319,0.5355,12.3,6.6,1,0,0
586,0.1892,1.0065,11.0,6.1,2,0,0
654,0.0273,0.5384,1.3,3.7,2,0,0
704,0.0878,0.6356,6.9,3.9,0,0,0
439,0.3733,0.2689,0.0,0.1,6,0,0
603,0.2974,0.4623,5.2,0.4,1,0,0
560,0.2643,0.8107,11.6,7.6,4,0,0
581,0.393,0.256,10.2,12.8,3,0,0
543,0.5576,0.5317,8.2,9.3,2,0,0
635,0.248,0.9588,8.7,6.6,0,0,0
509,0.3905,0.2972,3.6,5.8,2,0,0
684,0.132,0.9149,15.1,11.8,1,0,0
610,0.4918,0.9809,0.0,4.7,2,0,0
576,0.157,0.1743,10.2,8.5,4,0,0
576,0.4698,0.4894,17.7,15.1,1,0,0
516,0.4884,1.0888,6.6,0.4,1,0,0
584,0.2859,0.0959,3.5,3.2,1,0,0
608,0.0632,0.3067,16.6,10.4,2,0,0
593,0.6357,0.7975,14.8,11.5,0,0,0
635,0.1885,0.5472,10.0,8.0,2,0,0
693,0.0027,0.2249,15.1,13.3,0,0,0
656,0.2502,0.1493,16.0,13.3,0,0,0
607,0.3929,1.0763,0.0,0.0,0,0,0
562,0.2307,0.7704,9.4,2.9,2,0,0
627,0.4434,0.6289,11.3,7.5,1,0,0
628,0.3436,0.6321,14.4,11.6,2,0,0
512,0.7127,0.2334,3.3,3.6,2,0,0
611,0.4759,0.3735,19.0,13.4,0,0,0
646,0.1842,0.483,11.5,9.3,1,0,0
634,0.2495,0.7259,10.1,8.7,2,0,0
608,0.1314,0.4016,3.7,2.7,2,0,0
607,0.2291,0.2353,7.9,6.8,3,0,0
667,0.1859,1.6743,13.6,10.9,0,0,0
589,0.1899,0.3062,5.8,4.0,0,0,0
628,0.3945,0.434,6.3,7.4,1,0,0
608,0.2106,0.288,14.0,7.4,1,0,0
612,0.2131,0.394,14.5,13.5,2,0,0
612,0.4334,1.6691,10.4,9.4,2,0,0
645,0.2064,0.7177,3.9,7.0,0,0,0
570,0.1083,1.4602,8.5,2.9,3,0,0
680,0.046,0.2715,10.9,6.9,0,0,0
545,0.472,0.3992,5.3,4.7,3,0,0
599,0.311,0.375,16.3,11.9,3,0,0
665,0.1616,0.3223,20.5,13.5,1,0,0
564,0.2497,1.0714,2.9,2.6,1,0,0
631,0.2188,0.9735,3.4,4.9,1,0,0
616,0.2042,0.1933,0.0,0.3,1,0,0
598,0.1978,0.2466,12.6,6.1,3,0,0
645,0.1446,0.4152,3.0,6.2,0,0,0
675,0.2442,0.3515,16.8,9.8,0,0,0
586,0.3742,0.3354,19.7,11.4,0,0,0
568,0.4563,0.8677,2.7,0.4,2,0,0
608,0.3206,0.2423,16.9,10.6,2,0,0
622,0.1842,0.2629,11.7,8.7,0,0,0
632,0.3066,0.5078,11.7,13.4,1,0,0
647,0.0521,0.615,0.0,0.0,1,0,0
636,0.308,0.6452,10.2,9.3,1,0,0
589,0.2771,0.0918,1.3,4.8,2,0,0
623,0.2956,0.3007,13.4,8.5,0,0,0
623,0.1887,0.3132,6.9,4.6,1,0,0
616,0.1707,0.3756,12.0,9.0,2,0,0
632,0.1497,0.1924,0.0,0.0,0,0,0
646,0.1487,0.7803,18.1,9.0,0,0,0
605,0.4942,0.3413,9.7,9.5,0,0,0
614,0.2057,0.5969,0.0,0.3,0,0,0
586,0.4598,0.5718,0.2,0.0,1,0,0
642,0.1864,1.069,15.9,11.0,0,0,0
572,0.3032,0.5736,7.9,4.9,1,0,0
612,0.1901,0.6692,16.1,12.5,0,0,0
504,0.499,1.2174,3.8,0.9,4,0,0
679,0.1884,0.6115,11.6,7.4,0,0,0
625,0.2378,0.3283,2.3,1.9,0,0,0
610,0.2091,0.512,0.3,0.0,2,0,0
615,0.1312,0.9817,1.9,0.8,1,0,0
545,0.5166,0.7279,7.8,4.1,3,0,0
627,0.0415,0.746,4.0,4.0,1,0,0
570,0.2922,0.4015,2.8,2.5,3,0,0
580,0.2913,0.1303,10.5,9.9,4,0,0
616,0.1766,0.2287,1.9,0.0,2,0,0
615,0.205,0.2103,3.3,1.1,1,0,0
585,0.4578,0.3686,9.9,7.3,1,0,0
603,0.345,0.3799,16.3,14.0,1,0,0
576,0.2103,0.3814,0.0,0.0,2,0,0
554,0.322,0.9055,2.7,0.3,3,0,0
578,0.6159,0.3637,6.1,6.9,0,0,0
566,0.3889,0.315,4.4,7.7,2,0,0
645,0.2071,0.3941,15.3,14.1,3,0,0
606,0.4173,0.5852,5.9,7.6,0,0,0
588,0.0736,0.9651,0.0,0.9,2,0,0
572,0.0776,0.4219,9.8,7.1,2,0,0
600,0.093,0.3048,6.4,8.3,4,0,0
562,0.5463,0.1565,16.8,11.1,2,0,0
656,0.2628,0.4598,13.0,7.1,2,0,0
627,0.4623,0.2801,14.3,10.6,2,0,0
562,0.0724,0.3196,1.4,0.3,2,0,0
678,0.091,1.1287,13.9,8.2,1,0,0
588,0.2043,0.2289,14.4,11.8,5,0,0
618,0.3281,0.7456,10.2,6.6,2,0,0
660,0.2489,0.2533,4.8,3.7,2,0,0
574,0.4672,0.3847,2.8,3.0,0,0,0
645,0.1187,1.8285,17.4,8.6,0,0,0
576,0.1954,0.3029,12.3,11.1,4,0,0
626,0.0622,0.8353,3.9,7.3,4,0,0
617,0.3562,0.4453,0.1,2.6,0,0,0
643,0.1201,1.4843,11.2,0.7,1,0,0
652,0.1941,0.1702,13.8,10.1,1,0,0
533,0.3972,1.8359,10.0,3.3,1,0,0
666,0.0822,2.1971,11.4,10.4,3,0,0
661,0.2579,0.1575,17.0,14.3,1,0,0
556,0.3316,1.0078,0.0,0.7,2,0,0
600,0.1195,0.235,9.7,1.5,0,0,0
577,0.371,1.4787,0.0,0.0,2,0,0
532,0.4363,0.2164,14.8,8.1,3,0,0
678,0.0218,0.5014,0.0,0.3,0,0,0
612,0.1836,0.5721,7.5,5.2,1,0,0
562,0.2232,0.2614,2.9,4.1,1,0,0
589,0.3534,0.9206,5.3,3.4,2,0,0
685,0.0887,0.3748,14.1,13.2,0,0,0
603,0.2601,0.1151,10.5,8.1,2,0,0
660,0.1265,1.3582,6.4,3.4,1,0,0
688,0.2017,0.1315,16.8,11.6,0,0,0
533,0.5819,0.5531,12.2,11.1,2,0,0
669,0.2004,0.2948,10.1,9.9,0,0,0
617,0.4103,0.7698,11.9,3.0,0,0,0
603,0.2949,0.3032,19.2,11.0,2,0,0
640,0.1663,0.2465,13.7,8.3,0,0,0
651,0.2556,0.3333,15.7,13.8,0,0,0
601,0.2676,0.1633,10.3,9.7,0,0,0
625,0.2807,0.3751,19.1,15.4,2,0,0
622,0.3223,0.4383,19.9,16.2,3,0,0
594,0.3482,0.2319,7.2,8.5,4,0,0
580,0.514,0.6094,8.6,7.1,0,0,0
565,0.4751,0.1845,9.3,8.7,3,0,0
539,0.2147,0.5833,11.4,8.8,5,0,0
592,0.3216,0.5826,2.3,3.7,0,0,0
580,0.3212,0.3037,9.7,5.8,1,0,0
575,0.2111,0.2601,2.6,0.1,2,0,0
567,0.4422,0.3419,0.0,0.0,1,0,0
599,0.4488,0.2294,7.9,5.0,0,0,0
653,0.261,0.23,6.2,6.0,0,0,0
606,0.4134,1.2374,17.0,15.2,0,0,0
633,0.0864,0.8135,2.1,0.3,1,0,0
599,0.3081,0.6376,11.9,13.4,0,0,0
573,0.1962,0.3969,13.3,8.9,1,0,0
567,0.3532,0.6275,5.6,4.0,3,0,0
606,0.3153,1.6707,7.6,5.9,1,0,0
674,0.2036,0.4975,15.9,9.9,0,0,0
600,0.0182,0.7129,4.6,2.2,2,0,0
594,0.2636,0.3003,9.8,6.3,1,0,0
622,0.2337,1.1705,7.8,3.1,0,0,0
594,0.1527,0.5177,6.1,2.6,2,0,0
640,0.1615,0.5452,9.6,6.6,0,0,0
574,0.2844,0.4492,2.5,0.9,2,0,0
675,0.2878,1.2128,17.4,10.9,0,0,0
648,0.158,0.69,3.5,4.5,1,0,0
640,0.1378,0.5853,7.6,1.8,0,0,0
539,0.2486,0.3076,3.0,3.3,4,0,0
550,0.4035,1.0296,8.0,5.9,1,0,0
683,0.0597,0.2046,0.0,0.6,1,0,0
590,0.2122,0.5448,8.5,3.5,2,0,0
552,0.3725,0.7106,2.3,0.5,2,0,0
604,0.4939,0.4259,8.9,7.0,0,0,0
611,0.1909,0.1904,15.5,9.8,0,0,0
593,0.1141,0.6624,6.0,1.1,1,0,0
642,0.1355,1.3519,7.9,5.0,0,0,0
575,0.1679,0.3742,0.0,0.0,0,0,0
620,0.0698,0.4071,11.2,9.3,1,0,0
627,0.1021,0.315,8.1,7.9,0,0,0
584,0.4908,0.5457,10.3,7.5,0,0,0
566,0.3421,0.5721,1.3,1.8,2,0,0
577,0.6726,0.5139,5.2,5.8,1,0,0
612,0.2559,1.6086,4.0,2.4,2,0,0
644,0.3136,0.5401,18.4,14.0,1,0,0
636,0.0833,0.5831,16.3,8.6,2,0,0
558,0.3845,0.266,9.9,5.8,1,0,0
531,0.5538,1.2636,5.6,7.3,1,0,0
630,0.1339,0.8445,4.1,4.9,1,0,0
658,0.2694,0.2612,5.7,5.7,0,0,0
614,0.1164,0.4382,8.9,4.5,2,0,0
673,0.1155,0.6995,18.1,9.6,0,0,0
601,0.466,0.4831,10.3,5.3,3,0,0
621,0.1755,0.1513,0.0,0.2,1,0,0
603,0.1023,1.442,13.1,10.2,2,0,0
642,0.1406,0.5274,11.4,11.1,0,0,0
575,0.3141,0.4691,3.1,0.0,0,0,0
601,0.1145,0.5835,16.7,10.6,3,0,0
618,0.2552,0.1669,3.4,5.6,0,0,0
591,0.2221,0.2532,0.0,0.0,1,0,0
578,0.4207,0.4441,8.0,6.0,0,0,0
565,0.5186,0.3871,10.7,3.6,1,0,0
648,0.0374,0.169,2.7,1.2,0,0,0
707,0.1905,0.3941,15.7,14.9,1,0,0
617,0.192,0.9596,7.9,6.6,1,0,0
625,0.1389,0.3582,9.7,9.4,2,0,0
628,0.1564,0.7322,5.7,5.1,4,0,0
519,0.3767,0.3814,1.5,2.1,2,0,0
585,0.4597,0.4133,7.2,1.8,4,0,0
660,0.0701,0.3177,4.1,7.0,1,0,0
649,0.3997,0.785,11.9,11.6,0,0,0
531,0.4681,0.3741,9.6,5.2,3,0,0
578,0.203,0.8034,2.4,4.7,1,0,0
504,0.4563,0.3772,0.0,2.1,3,0,0
653,0.0467,0.6348,8.7,7.4,2,0,0
675,0.1654,1.3211,7.3,5.5,1,0,0
579,0.2786,0.3929,5.4,3.6,1,0,0
565,0.6308,0.4052,7.8,8.9,1,0,0
528,0.669,0.9514,7.6,5.6,0,0,0
657,0.2486,0.6173,12.6,9.8,1,0,0
574,0.2242,0.4844,6.0,7.5,5,0,0
566,0.3607,0.3804,13.4,11.7,2,0,0
644,0.0911,1.0131,9.8,4.4,1,0,0
632,0.3109,0.5375,13.5,8.3,1,0,0
658,0.2366,0.0689,15.0,8.9,1,0,0
597,0.4917,0.4626,13.2,10.1,2,0,0
487,0.5424,0.5036,10.5,6.4,2,0,0
554,0.1636,0.3435,2.5,1.0,1,0,0
616,0.3566,0.3342,10.9,7.2,1,0,0
566,0.281,0.5327,6.4,5.2,0,0,0
619,0.5583,0.6993,2.5,1.2,1,0,0
644,0.1253,0.2202,0.0,1.9,0,0,0
566,0.2495,0.4413,1.8,0.0,4,0,0
568,0.1173,0.39,2.5,0.0,2,0,0
558,0.3081,0.2581,0.7,0.0,3,0,0
639,0.355,0.4049,8.4,3.8,2,0,0
625,0.138,0.2018,13.2,9.4,2,0,0
616,0.3364,1.0524,7.5,4.5,0,0,0
622,0.2117,0.4413,1.0,0.0,1,0,0
598,0.0138,0.2808,0.0,0.0,1,0,0
624,0.0733,0.9847,11.2,8.2,3,0,0
637,0.0579,0.5975,12.7,10.7,3,0,0
676,0.1389,0.1965,12.5,7.3,1,0,0
576,0.498,0.5135,9.9,6.8,1,0,0
532,0.092,1.078,3.0,0.8,4,0,0
655,0.1677,0.4811,0.0,0.0,0,0,0
602,0.3411,0.8367,12.9,12.6,3,0,0
665,0.2582,0.1524,10.6,12.4,1,0,0
597,0.5269,0.7906,6.6,3.7,0,0,0
658,0.2932,0.4068,17.6,11.3,1,0,0
600,0.5822,0.2546,14.4,10.9,0,0,0
671,0.0888,0.2769,7.4,5.4,1,0,0
684,0.0363,0.6987,20.4,15.6,1,0,0
606,0.1822,1.3749,8.6,5.8,1,0,0
603,0.4262,2.299,2.2,1.2,2,0,0
702,0.1852,0.3896,16.3,12.3,0,0,0
578,0.3146,0.6158,18.2,13.2,3,0,0
628,0.0812,0.4274,8.0,4.6,2,0,0
628,0.3129,0.8833,11.7,8.4,0,0,0
620,0.1577,1.7426,19.6,14.0,3,0,0
594,0.1227,0.4969,6.8,0.0,2,0,0
601,0.0437,1.4131,5.4,3.7,4,0,0
550,0.3756,0.1341,8.9,8.0,2,0,0
526,0.6578,0.2247,15.2,9.8,3,0,0
536,0.3697,1.3995,5.2,2.2,3,0,0
601,0.0721,0.1667,4.9,1.9,2,0,0
548,0.1525,0.7835,1.9,2.0,3,0,0
593,0.2331,0.9726,6.1,2.3,0,0,0
606,0.2656,0.5101,5.9,4.6,1,0,0
542,0.7034,0.345,6.7,5.0,1,0,0
581,0.0261,0.2555,9.1,3.7,3,0,0
651,0.1084,0.2838,12.4,10.6,1,0,0
579,0.366,0.7106,9.4,9.1,0,0,0
602,0.1438,0.8334,1.3,1.4,1,0,0
629,0.2069,0.7315,11.0,7.8,3,0,0
590,0.4349,0.3144,7.7,4.4,0,0,0
599,0.162,0.7048,14.3,9.1,3,0,0
621,0.2797,0.5856,13.5,8.6,0,0,0
699,0.152,0.4154,7.1,6.5,0,0,0
687,0.0768,0.2061,6.1,5.4,0,0,0
629,0.2153,0.5045,15.9,7.2,0,0,0
613,0.2834,0.4608,12.7,5.9,0,0,0
634,0.1902,0.3609,13.2,7.6,0,0,0
575,0.5358,0.4284,8.1,4.7,1,0,0
625,0.1012,0.3695,0.0,0.9,1,0,0
605,0.1673,0.2228,3.4,1.3,1,0,0
677,0.1138,0.2087,3.0,2.9,0,0,0
666,0.0544,0.7484,8.4,9.1,0,0,0
581,0.0325,0.3711,7.6,4.2,4,0,0
603,0.4038,0.3163,12.1,6.6,0,0,0
491,0.4717,0.1581,4.2,0.7,2,0,0
591,0.3267,0.2312,1.2,0.0,0,0,0
611,0.1163,1.5184,16.4,12.6,3,0,0
628,0.3006,0.3601,16.8,13.3,2,0,0
645,0.1815,0.6851,0.4,1.5,1,0,0
555,0.6255,0.962,11.2,5.7,1,0,0
618,0.1738,0.4287,7.4,4.4,1,0,0
623,0.0625,0.266,9.3,5.7,1,0,0
644,0.2581,0.7435,2.5,5.2,0,0,0
659,0.1874,0.3407,14.2,10.5,0,0,0
586,0.5593,0.2204,16.1,11.5,1,0,0
527,0.4063,0.1626,14.9,11.0,3,0,0
599,0.2553,0.2624,4.2,2.1,1,0,0
569,0.3183,0.4503,0.1,0.9,1,0,0
602,0.3367,1.3903,0.7,0.0,2,0,0
547,0.1174,0.1937,0.0,2.9,3,0,0
654,0.1858,0.4835,16.3,9.7,1,0,0
649,0.05,0.1344,14.8,10.7,2,0,0
560,0.6389,1.8768,7.0,6.2,0,0,0
682,0.1377,0.5367,6.6,4.5,0,0,0
607,0.4199,0.5488,9.1,6.6,1,0,0
579,0.3682,0.6619,9.4,6.2,1,0,0
529,0.6161,0.4693,7.0,3.1,1,0,0
653,0.2227,0.4633,1.9,4.8,0,0,0
601,0.2941,0.8235,9.7,6.1,2,0,0
555,0.4043,0.5013,3.9,0.1,1,0,0
593,0.3395,0.2265,5.0,2.1,2,0,0
672,0.2708,0.3811,6.2,7.0,0,0,0
621,0.5555,0.5635,9.5,11.2,0,0,0
683,0.1053,0.1917,17.5,13.0,0,0,0
660,0.175,0.6251,1.3,2.5,1,0,0
617,0.4111,0.647,10.4,11.0,0,0,0
617,0.3016,0.4129,10.8,5.6,1,0,0
645,0.1213,0.214,11.3,8.7,0,0,0
554,0.6168,0.409,13.2,12.9,3,0,0
647,0.3344,1.181,13.7,11.3,0,0,0
481,0.5818,0.5321,3.5,1.9,4,0,0
659,0.2261,0.7927,11.7,8.9,1,0,0
605,0.3219,0.4143,7.8,9.2,2,0,0
603,0.3156,0.1343,13.8,10.0,1,0,0
615,0.1516,0.2326,11.5,6.2,0,0,0
593,0.2691,1.1927,3.5,3.7,0,0,0
611,0.3039,0.2309,11.0,5.9,1,0,0
559,0.5846,0.2882,4.9,2.0,0,0,0
604,0.3397,0.7164,4.0,1.9,1,0,0
605,0.2069,0.9736,14.3,10.0,1,0,0
601,0.1185,0.3787,4.2,1.2,2,0,0
629,0.1748,0.7099,9.4,7.4,2,0,0
581,0.3389,0.3491,1.7,0.5,0,0,0
596,0.2304,0.9548,14.3,11.6,3,0,0
675,0.1945,0.2112,20.5,14.4,2,0,0
605,0.2283,0.7851,12.0,8.1,3,0,0
655,0.1711,0.191,18.0,12.4,1,0,0
649,0.2302,0.3122,8.1,8.6,1,0,0
638,0.0668,0.3862,3.4,4.1,1,0,0
594,0.3429,0.3373,7.6,2.5,1,0,0
582,0.4644,0.1489,11.6,7.1,3,0,0
613,0.4332,0.6819,5.2,3.8,1,0,0
650,0.2567,1.0049,14.8,6.0,0,0,0
653,0.3917,0.1248,11.5,8.9,0,0,0
628,0.3503,0.2276,0.0,0.0,0,0,0
595,0.1884,1.1557,9.3,5.0,0,0,0
601,0.1622,0.2857,5.0,2.1,3,0,0
585,0.2775,0.4365,5.2,6.2,2,0,0
643,0.1284,0.4341,2.0,2.6,1,0,0
534,0.6228,0.7338,0.0,0.0,3,0,0
605,0.3128,0.1649,1.9,0.2,0,0,0
534,0.4176,0.3875,12.1,8.8,3,0,0
623,0.1485,0.3378,0.0,3.2,1,0,0
591,0.5926,0.6496,12.7,8.4,2,0,0
589,0.2543,2.3804,3.8,0.0,1,0,0
635,0.1129,0.9333,7.2,5.4,0,0,0
525,0.7646,0.2053,10.3,7.8,1,0,0
594,0.4364,0.3982,0.0,0.7,0,0,0
626,0.1246,0.2619,14.2,9.9,1,0,0
659,0.1133,0.3977,18.2,13.0,2,0,0
671,0.0524,0.2571,16.1,9.3,0,0,0
571,0.3034,0.3221,1.3,3.1,0,0,0
620,0.0989,0.2055,16.4,10.4,1,0,0
605,0.406,1.1656,8.5,5.4,0,0,0
565,0.2532,0.9719,4.3,3.8,3,0,0
600,0.2633,0.481,1.4,1.4,2,0,0
571,0.5362,0.533,9.6,9.9,2,0,0
630,0.484,0.3373,10.6,10.0,1,0,0
634,0.5078,0.1035,13.8,8.7,1,0,0
604,0.4963,1.2557,17.1,15.9,3,0,0
661,0.3091,0.2181,15.4,12.7,0,0,0
572,0.3767,0.7001,17.4,12.4,1,0,0
649,0.1568,1.0432,16.4,10.2,1,0,0
648,0.2,0.5543,17.5,12.1,1,0,0
581,0.1542,0.5744,14.2,6.1,4,0,0
634,0.1125,1.5793,11.6,9.2,2,0,0
623,0.1245,0.2206,2.3,0.0,0,0,0
566,0.5115,0.262,0.8,1.5,1,0,0
562,0.3504,0.403,5.1,2.6,3,0,0
665,0.2402,0.6117,13.3,9.6,1,0,0
596,0.4376,0.7788,2.0,0.2,0,0,0
523,0.6365,0.4751,14.9,9.0,2,0,0
601,0.2789,0.7991,17.2,13.5,2,0,0
497,0.4876,0.7554,0.8,0.0,3,0,0
609,0.208,0.1712,0.0,0.0,0,0,0
592,0.6152,0.153,0.0,0.0,0,0,0
620,0.1419,0.3079,0.0,1.7,1,0,0
691,0.0659,0.9582,19.2,11.2,1,0,0
567,0.533,0.1592,12.6,8.8,1,0,0
606,0.4481,0.5135,13.2,13.7,1,0,0
647,0.0989,0.6552,8.8,4.8,1,0,0
599,0.359,1.1152,6.4,2.9,0,0,0
602,0.6183,0.2458,15.7,13.2,1,0,0
571,0.2329,0.3105,4.4,0.7,1,0,0
637,0.1513,0.5787,0.8,2.7,1,0,0
558,0.1706,0.3205,16.0,10.4,4,0,0
639,0.1262,0.105,0.1,1.9,1,0,0
686,0.209,0.3076,13.5,10.3,2,0,0
589,0.408,0.4,0.0,1.1,0,0,0
600,0.5219,0.1879,1.2,0.0,0,0,0
552,0.3336,1.7218,5.0,2.7,2,0,0
633,0.095,0.2675,15.7,9.9,4,0,0
554,0.291,0.2782,2.3,4.3,2,0,0
643,0.0566,0.5821,10.3,7.2,2,0,0
619,0.4762,0.3848,8.7,10.0,2,0,0
588,0.2031,0.0816,18.7,13.6,2,0,0
584,0.4138,1.0064,14.1,9.5,1,0,0
548,0.5501,0.3076,12.0,8.0,1,0,0
553,0.3238,0.7872,12.2,7.1,1,0,0
669,0.1144,1.1392,4.6,3.7,1,0,0
571,0.6106,0.6759,9.5,6.5,2,0,0
632,0.0615,0.1486,15.9,9.9,1,0,0
642,0.0335,0.5096,12.5,8.6,2,0,0
543,0.2712,1.6545,4.6,2.2,1,0,0
572,0.208,1.2954,4.7,3.9,2,0,0
611,0.3227,1.6399,10.8,9.0,3,0,0
566,0.0498,0.14,11.6,6.9,3,0,0
540,0.5572,0.6914,6.8,3.8,0,0,0
622,0.3251,0.3205,13.4,7.6,1,0,0
592,0.4117,0.7818,11.1,10.0,3,0,0
553,0.3134,0.7297,6.8,1.2,1,0,0
573,0.2635,0.5156,1.2,0.0,0,0,0
600,0.3057,0.6695,6.9,6.2,1,0,0
619,0.1333,0.2204,3.8,1.4,0,0,0
527,0.3361,0.1466,5.2,2.3,0,0,0
626,0.2197,0.4072,8.2,7.1,0,0,0
532,0.1326,1.3549,7.3,0.6,4,0,0
552,0.2017,0.1953,0.0,0.1,3,0,0
565,0.6792,0.3694,6.6,3.5,0,0,0
628,0.0593,0.1019,12.8,7.9,1,0,0
619,0.072,0.3594,6.5,6.7,2,0,0
571,0.452,0.4194,6.5,4.5,1,0,0
559,0.4846,0.3301,13.3,7.0,0,0,0
605,0.2008,0.2632,1.5,0.0,1,0,0
656,0.06,0.2158,6.5,4.4,1,0,0
625,0.5592,1.5355,18.3,10.1,0,0,0
631,0.4545,1.0286,18.5,15.4,0,0,0
552,0.5154,0.1869,0.3,0.0,0,0,0
623,0.3098,0.4863,7.2,5.0,0,0,0
593,0.679,0.372,9.6,2.8,1,0,0
590,0.3857,1.1882,12.5,5.0,2,0,0
554,0.476,2.6248,4.2,2.5,2,0,0
600,0.1352,0.6027,6.8,11.2,4,0,0
550,0.3756,0.456,6.5,3.4,2,0,0
534,0.5228,0.3789,3.9,4.1,0,0,0
631,0.311,0.2558,18.7,12.1,1,0,0
615,0.2869,0.9,10.6,9.5,0,0,0
630,0.2113,0.1902,11.6,7.9,0,0,0
576,0.4894,0.3212,5.9,1.6,0,0,0
658,0.0623,0.2382,4.1,2.4,2,0,0
599,0.1854,0.4262,16.8,8.2,1,0,0
623,0.1099,0.3107,13.9,8.0,1,0,0
586,0.3908,0.1909,1.7,2.0,2,0,0
616,0.1716,1.0392,12.4,7.4,0,0,0
582,0.3075,0.1636,11.2,7.0,2,0,0
563,0.4687,0.3681,3.3,4.2,0,0,0
548,0.7204,1.47,2.7,0.9,1,0,0
683,0.1339,0.151,16.3,12.4,0,0,0
521,0.6189,0.6623,6.6,3.4,1,0,0
625,0.467,0.6315,2.7,3.7,0,0,0
654,0.3851,0.1875,11.2,10.5,1,0,0
563,0.2832,0.2709,0.0,0.0,0,0,0
631,0.2713,0.4472,1.5,0.0,0,0,0
573,0.3358,0.2473,7.4,4.7,3,0,0
545,0.2063,0.5187,0.5,0.0,2,0,0
641,0.0825,0.3152,8.6,7.7,1,0,0
652,0.1821,0.383,10.3,7.6,0,0,0
539,0.2606,0.5956,0.0,0.0,1,0,0
662,0.494,0.9717,7.2,7.9,0,0,0
555,0.4044,0.565,0.0,2.8,1,0,0
624,0.2914,1.3447,13.6,6.9,1,0,0
593,0.3949,1.5229,8.8,4.9,0,0,0
631,0.2294,0.3779,18.1,14.3,2,0,0
614,0.2505,0.1321,7.0,6.8,0,0,0
662,0.0942,0.3831,6.1,7.1,0,0,0
565,0.5208,0.6628,14.9,15.4,2,0,0
652,0.1602,1.1053,18.8,14.0,2,0,0
571,0.152,0.7551,1.5,3.6,2,0,0
685,0.2407,0.5382,20.8,19.9,1,0,0
610,0.2948,1.1699,12.4,8.7,1,0,0
632,0.0854,0.8513,10.9,6.1,1,0,0
614,0.2763,0.2213,11.2,8.3,2,0,0
686,0.0829,1.0459,11.5,11.2,2,0,0
685,0.2216,0.1515,8.7,9.7,0,0,0
659,0.3088,1.5561,13.0,9.4,0,0,0
550,0.4696,0.6821,13.3,9.0,2,0,0
661,0.2145,0.4515,7.1,2.4,0,0,0
570,0.3091,0.4467,3.5,2.6,1,0,0
548,0.2037,0.1347,0.2,0.0,3,0,0
578,0.3915,0.7581,4.2,1.0,0,0,0
648,0.1567,0.4424,5.1,4.0,0,0,0
617,0.4451,1.7835,5.7,1.4,2,0,0
564,0.3088,0.9054,1.3,1.6,2,0,0
691,0.1941,0.2816,6.1,6.2,1,0,0
635,0.058,0.5662,3.8,0.6,1,0,0
588,0.3917,0.4771,13.9,8.6,1,0,0
623,0.2027,0.2681,2.0,0.0,1,0,0
550,0.583,0.5353,10.0,8.2,1,0,0
575,0.1515,0.4485,2.2,0.0,2,0,0
553,0.7075,0.3527,15.6,12.3,0,0,0
543,0.679,0.1878,7.5,5.8,2,0,0
626,0.5434,0.2773,9.6,11.0,1,0,0
630,0.2384,0.3662,11.0,11.0,1,0,0
629,0.0511,0.4585,8.4,3.5,1,0,0
582,0.3891,0.6019,4.5,6.8,2,0,0
549,0.071,0.7196,9.0,5.2,4,0,0
548,0.3723,0.2933,0.0,0.0,2,0,0
604,0.2689,0.2151,11.6,7.1,2,0,0
629,0.6139,0.2416,12.3,8.0,1,0,0
602,0.3538,0.2356,11.5,12.4,1,0,0
602,0.3723,0.5151,10.0,1.4,0,0,0
579,0.1764,0.9094,3.5,6.2,2,0,0
624,0.2608,0.4391,4.4,4.7,1,0,0
593,0.3879,0.7673,8.1,6.0,2,0,0
522,0.6839,0.1952,0.9,0.0,2,0,0
599,0.5559,0.7518,14.6,10.0,0,0,0
613,0.4053,1.6296,17.3,13.8,1,0,0
618,0.2294,0.2208,0.0,1.9,1,0,0
558,0.5529,0.3495,6.7,3.0,1,0,0
592,0.2582,0.2293,7.4,6.7,3,0,0
578,0.5517,1.0456,9.8,5.7,0,0,0
548,0.4211,0.2521,2.8,1.6,1,0,0
563,0.6072,0.328,6.2,7.0,2,0,0
692,0.2543,0.6321,13.8,11.2,0,0,0
525,0.1249,1.8903,0.6,0.0,5,0,0
597,0.4226,0.2844,10.9,7.9,2,0,0
622,0.2684,0.6816,0.0,0.8,1,0,0
617,0.1416,0.427,4.0,3.1,1,0,0
616,0.3101,0.0745,6.2,0.0,2,0,0
616,0.3319,1.1361,14.9,7.7,2,0,0
592,0.2227,0.5078,14.6,6.7,1,0,0
614,0.163,0.2564,11.6,6.9,1,0,0
587,0.3781,0.3457,3.2,2.5,2,0,0
581,0.2614,0.7049,13.1,8.1,1,0,0
547,0.2908,0.3493,5.9,2.9,3,0,0
603,0.2361,1.0311,9.8,3.4,1,0,0
594,0.101,0.2095,8.4,3.4,2,0,0
538,0.3308,0.964,11.4,6.1,3,0,0
599,0.2133,0.1284,3.1,3.9,2,0,0
609,0.6229,0.1925,13.7,10.5,1,0,0
641,0.0212,1.4912,13.9,11.3,2,0,0
610,0.3367,0.3369,21.1,15.7,2,0,0
546,0.5374,0.8211,1.9,3.0,1,0,0
657,0.0863,0.2719,10.1,4.3,2,0,0
603,0.2366,0.4093,6.6,7.3,0,0,0
532,0.4294,0.0968,11.1,9.9,4,0,0
600,0.1306,0.5886,0.0,0.0,2,0,0
631,0.1993,0.3605,0.0,1.9,2,0,0
590,0.278,0.4911,11.1,10.2,2,0,0
645,0.1632,0.3197,3.2,2.1,2,0,0
556,0.3597,0.5271,8.8,7.2,2,0,0
547,0.317,0.1894,1.5,0.0,1,0,0
570,0.1441,1.5948,2.0,4.0,3,0,0
597,0.306,0.2497,10.1,6.2,1,0,0
575,0.2355,0.4686,0.3,0.8,1,0,0
565,0.3979,1.4395,4.4,3.0,0,0,0
580,0.1723,0.657,6.6,3.5,0,0,0
588,0.1572,0.4434,5.4,0.4,2,0,0
637,0.1145,0.2728,4.6,5.0,0,0,0
563,0.489,0.3302,11.4,7.9,3,0,0
624,0.2267,1.5,9.0,10.0,0,0,0
540,0.3051,0.6181,0.2,2.6,4,0,0
638,0.2864,0.9194,10.7,9.9,0,0,0
609,0.2056,1.5011,0.9,2.1,0,0,0
600,0.2826,0.4724,5.3,5.2,0,0,0
637,0.1,0.5507,9.8,7.2,2,0,0
604,0.1765,0.3203,8.7,7.7,1,0,0
587,0.4058,0.593,4.8,2.5,0,0,0
585,0.133,0.1814,0.0,0.0,2,0,0
616,0.4247,0.2548,17.4,13.6,0,0,0
673,0.1343,1.3728,18.3,14.3,2,0,0
590,0.5537,0.1014,7.5,2.6,0,0,0
586,0.3961,0.3451,11.4,9.0,2,0,0
660,0.3441,0.4473,15.9,12.1,0,0,0
669,0.3029,0.449,17.6,14.5,0,0,0
629,0.1537,0.7958,14.0,9.6,1,0,0
631,0.2951,0.5276,14.5,7.1,0,0,0
584,0.0877,0.5584,14.7,9.3,3,0,0
624,0.2651,0.3204,15.7,10.0,1,0,0
477,0.6922,0.4545,13.4,9.1,1,0,0
536,0.2839,0.4402,3.1,2.4,0,0,0
640,0.2641,0.3656,9.7,6.3,0,0,0
621,0.3833,0.3242,8.2,6.5,2,0,0
571,0.478,0.2395,14.2,7.7,1,0,0
601,0.2461,0.4778,5.0,4.2,0,0,0
593,0.2144,0.536,10.4,5.8,1,0,0
627,0.2092,1.3078,15.5,10.4,2,0,0
664,0.2098,1.2012,9.9,3.3,0,0,0
500,0.2076,0.6846,0.8,2.4,2,0,0
640,0.0855,0.1464,0.0,0.0,0,0,0
592,0.3163,0.3279,9.7,7.5,1,0,0
587,0.3405,1.1412,5.9,2.5,1,0,0
553,0.1132,0.9397,12.5,7.6,2,0,0
544,0.5135,0.3509,10.1,5.1,1,0,0
590,0.1868,0.1166,10.0,7.3,3,0,0
628,0.2715,1.0548,7.3,6.3,0,0,0
556,0.2977,1.0995,11.6,6.1,2,0,0
617,0.2669,0.4383,13.7,9.9,2,0,0
625,0.1559,0.4,0.0,0.0,1,0,0
652,0.0641,1.1789,0.0,0.4,1,0,0
612,0.2619,0.3178,5.0,1.7,0,0,0
611,0.0988,0.2739,10.9,8.6,2,0,0
677,0.2433,0.7883,9.9,6.4,1,0,0
559,0.3322,0.5097,15.4,10.5,2,0,0
644,0.1027,0.71,5.7,8.7,1,0,0
647,0.1904,0.1368,15.9,7.6,0,0,0
675,0.1066,0.3836,10.9,8.7,1,0,0
602,0.1829,0.6787,15.0,11.4,3,0,0
607,0.1712,0.5044,6.1,5.5,1,0,0
680,0.3827,0.1141,13.0,10.3,0,0,0
605,0.3878,0.9596,2.5,2.1,1,0,0
653,0.1069,0.6879,8.4,6.7,1,0,0
591,0.5322,0.4893,12.1,13.8,1,0,0
610,0.1319,0.1053,0.0,0.0,2,0,0
662,0.1744,0.3319,13.1,8.8,0,0,0
595,0.1471,0.0959,8.0,3.5,1,0,0
571,0.1234,0.6727,17.3,10.5,3,0,0
650,0.373,0.5147,18.3,13.3,0,0,0
634,0.3145,1.2107,17.4,12.9,2,0,0
592,0.2074,1.0271,10.2,6.9,4,0,0
605,0.1914,0.7451,9.8,8.2,2,0,0
603,0.4122,0.3545,13.3,8.5,1,0,0
688,0.1918,0.8579,14.8,15.3,0,0,0
649,0.0081,0.2779,8.5,6.3,2,0,0
625,0.3925,1.2269,17.5,13.6,0,0,0
574,0.4922,0.5143,6.9,5.2,0,0,0
632,0.2885,0.2626,17.7,11.2,0,0,0
630,0.2911,0.2893,9.5,5.6,2,0,0
631,0.0597,0.6758,1.5,0.0,1,0,0
577,0.401,0.2125,20.1,10.6,3,0,0
553,0.3414,0.538,0.0,1.9,2,0,0
588,0.259,0.7147,1.3,0.0,0,0,0
588,0.5203,0.4503,10.7,7.4,0,0,0
634,0.0296,0.5769,12.7,12.0,1,0,0
621,0.351,0.4558,5.3,6.0,1,0,0
685,0.1407,0.8461,12.0,8.7,1,0,0
552,0.2572,0.1736,5.9,3.7,2,0,0
615,0.0723,0.5732,12.7,8.6,1,0,0
650,0.1983,0.9988,4.0,7.2,0,0,0
647,0.2698,0.6781,12.6,9.2,0,0,0
649,0.1466,0.4176,0.0,6.0,0,0,0
639,0.1122,0.1197,7.8,2.9,0,0,0
603,0.4967,0.2457,4.5,3.2,1,0,0
553,0.4634,0.2538,4.2,5.3,0,0,0
687,0.2306,0.1709,9.8,9.0,0,0,0
629,0.2311,0.6938,11.5,9.3,0,0,0
576,0.3927,0.3021,8.3,4.6,1,0,0
637,0.0499,0.3553,5.7,1.4,0,0,0
590,0.2823,1.1832,0.0,0.0,0,0,0
687,0.3076,0.1345,9.7,8.9,0,0,0
635,0.2972,0.3865,14.4,13.5,1,0,0
594,0.48,1.0488,0.0,0.2,0,0,0
586,0.1093,0.4805,8.7,5.9,6,0,0
596,0.2386,0.466,15.2,11.1,4,0,0
639,0.0488,0.2761,7.3,5.6,0,0,0
629,0.243,0.5101,5.0,5.9,1,0,0
496,0.4761,0.7008,0.0,0.0,3,0,0
630,0.1649,0.3831,6.9,4.6,0,0,0
627,0.133,0.5317,18.3,13.7,2,0,0
615,0.1587,0.7841,0.0,0.0,0,0,0
514,0.7219,0.2223,11.3,6.1,2,0,0
555,0.4864,0.6413,12.3,11.4,2,0,0
557,0.4761,0.6461,12.1,8.4,1,0,0
645,0.1267,0.1454,7.0,6.7,1,0,0
537,0.4078,0.2488,2.3,3.0,1,0,0
642,0.0528,0.9799,8.0,2.8,1,0,0
600,0.1339,0.7421,6.1,3.0,2,0,0
657,0.1964,0.5671,15.5,11.0,2,0,0
540,0.5301,0.2775,12.7,8.4,2,0,0
589,0.5166,0.2664,10.5,7.8,0,0,0
513,0.485,0.5952,4.2,3.3,1,0,0
614,0.4042,0.3581,8.6,7.6,1,0,0
672,0.1718,0.5183,8.3,5.7,0,0,0
633,0.2284,0.2003,5.8,4.2,2,0,0
609,0.4074,0.3498,11.8,5.4,2,0,0
620,0.3036,0.2736,14.6,9.0,1,0,0
535,0.6737,0.1477,3.6,1.4,1,0,0
604,0.1926,0.4291,0.0,0.0,2,0,0
579,0.3714,1.1647,11.1,7.0,1,0,0
606,0.3654,0.3605,11.7,9.4,2,0,0
575,0.2201,0.6424,1.1,4.3,3,0,0
639,0.3582,0.226,9.5,4.0,0,0,0
556,0.5211,0.4584,14.6,9.8,3,0,0
630,0.2696,1.1029,16.9,10.1,2,0,0
635,0.1329,0.1017,11.7,5.5,2,0,0
626,0.1665,0.5168,4.3,2.0,0,0,0
577,0.2229,1.4505,11.0,5.6,3,0,0
593,0.1674,0.1996,2.7,2.4,0,0,0
642,0.5367,0.3853,14.7,10.0,0,0,0
645,0.0613,0.5769,8.9,5.6,2,0,0
660,0.0468,0.2654,4.6,3.8,1,0,0
543,0.5212,0.7027,1.3,0.0,0,0,0
564,0.2071,1.5264,7.3,3.1,0,0,0
645,0.4723,0.8128,4.6,3.9,1,0,0
546,0.6427,0.596,12.8,6.9,1,0,0
504,0.4377,0.0667,4.0,0.0,3,0,0
637,0.0419,1.1677,8.7,9.3,1,0,0
674,0.319,0.9736,19.2,14.1,2,0,0
634,0.2074,0.1052,11.6,10.2,0,0,0
619,0.1759,0.2466,14.1,8.4,1,0,0
629,0.3037,1.3229,2.0,0.0,1,0,0
548,0.4656,0.7471,3.4,3.0,2,0,0
621,0.4284,0.1215,18.4,10.7,0,0,0
602,0.2443,0.4696,5.7,6.0,2,0,0
510,0.7866,0.3603,11.8,8.7,3,0,0
606,0.2205,0.1186,14.8,10.8,2,0,0
610,0.3011,0.1505,0.9,1.0,1,0,0
610,0.2032,0.5712,4.5,7.2,2,0,0
611,0.1836,0.8097,10.8,8.9,2,0,0
631,0.0661,0.2846,12.1,8.1,0,0,0
618,0.2324,0.3075,6.3,4.7,3,0,0
605,0.2277,1.5152,9.1,4.6,2,0,0
594,0.3796,0.1392,12.5,7.7,3,0,0
643,0.0699,0.5504,8.7,8.6,4,0,0
621,0.3102,0.2705,8.8,6.2,0,0,0
557,0.4944,0.714,3.3,3.8,3,0,0
623,0.0503,0.3452,2.9,0.3,2,0,0
628,0.2815,0.8194,7.7,7.1,0,0,0
609,0.4785,0.1536,13.7,9.2,0,0,0
567,0.5767,0.5477,6.7,5.1,0,0,0
642,0.2575,0.4598,4.3,3.1,0,0,0
585,0.3767,0.4403,7.1,5.3,0,0,0
669,0.1701,0.6335,20.5,14.1,1,0,0
602,0.4131,0.4715,10.3,9.8,1,0,0
644,0.1708,0.4459,8.3,2.8,1,0,0
571,0.2722,0.313,5.6,5.0,2,0,0
644,0.3204,0.4539,10.3,5.9,0,0,0
551,0.226,1.2346,6.4,2.6,1,0,0
693,0.1264,0.9752,10.8,11.8,0,0,0
555,0.3858,0.423,15.9,9.2,1,0,0
587,0.3947,0.594,9.5,3.0,1,0,0
601,0.2763,0.1532,8.3,7.7,0,0,0
593,0.2694,0.5656,9.9,5.9,2,0,0
706,0.0962,0.5016,15.1,13.1,0,0,0
629,0.0726,0.5162,13.1,4.7,0,0,0
627,0.2502,0.4341,13.7,13.3,2,0,0
567,0.0719,1.5989,3.2,4.1,0,0,0
659,0.3547,0.4584,16.6,11.2,1,0,0
622,0.3316,0.3346,4.0,0.0,2,0,0
566,0.6706,0.3809,6.0,1.5,1,0,0
571,0.3979,0.5455,4.2,1.6,1,0,0
640,0.2671,0.279,4.7,4.7,1,0,0
594,0.1503,0.3527,1.7,0.0,2,0,0
602,0.6375,0.5826,12.9,4.9,0,0,0
650,0.1069,0.2121,6.0,4.7,0,0,0
610,0.3689,0.5896,7.8,7.5,2,0,0
624,0.2733,0.4746,14.8,14.8,1,0,0
586,0.1812,0.2232,14.1,7.8,1,0,0
620,0.4536,0.2502,2.4,0.0,0,0,0
663,0.159,0.5185,5.6,0.0,0,0,0
538,0.5199,0.7947,10.6,4.3,3,0,0
604,0.1629,0.6478,16.0,9.1,2,0,0
617,0.0734,0.2379,11.7,6.4,2,0,0
595,0.3232,0.1416,8.4,4.8,2,0,0
701,0.1541,0.4055,11.1,9.0,1,0,0
612,0.3279,0.8441,12.6,9.8,1,0,0
586,0.2888,0.3866,3.2,1.2,0,0,0
556,0.1937,0.2889,4.8,3.4,3,0,0
563,0.2819,0.5763,3.4,0.0,0,0,0
578,0.336,0.7011,12.6,7.7,2,0,0
646,0.2625,1.3396,7.8,2.9,0,0,0
542,0.1311,1.0759,7.6,3.8,3,0,0
646,0.2383,0.616,11.8,12.0,1,0,0
677,0.063,1.232,14.4,10.4,0,0,0
595,0.219,0.3203,2.7,0.7,1,0,0
608,0.3037,0.6592,8.6,7.0,0,0,0
657,0.2096,0.7524,12.0,7.6,0,0,0
671,0.1035,0.3746,21.4,18.3,2,0,0
605,0.1037,0.3441,3.5,3.2,4,0,0
661,0.061,0.4574,8.8,3.8,0,0,0
587,0.4757,0.4423,16.8,14.4,1,0,0
596,0.4113,0.1879,11.3,9.1,1,0,0
567,0.5024,1.1589,12.1,9.4,3,0,0
548,0.3208,0.813,0.0,1.7,0,0,0
595,0.5834,0.8283,6.8,6.2,0,0,0
664,0.2181,0.2537,6.2,5.4,0,0,0
637,0.2951,0.3721,11.6,7.8,0,0,0
640,0.0781,0.5712,10.8,9.4,1,0,0
585,0.208,0.2319,14.4,9.7,2,0,0
660,0.2175,0.9828,21.1,17.4,1,0,0
651,0.1302,0.6133,9.8,7.9,1,0,0
694,0.0916,0.7484,19.1,13.7,1,0,0
600,0.3193,0.1288,3.9,4.0,2,0,0
524,0.1755,0.6869,18.4,13.2,3,0,0
562,0.5483,0.3489,3.8,5.2,0,0,0
589,0.4777,0.6321,1.1,2.7,1,0,0
544,0.1883,0.1695,0.0,0.1,2,0,0
624,0.1653,0.699,20.2,7.6,1,0,0
581,0.1797,0.1215,0.7,2.2,2,0,0
534,0.166,0.8124,0.0,0.8,3,0,0
594,0.432,0.1622,1.0,5.6,1,0,0
632,0.2213,1.5718,1.4,0.0,0,0,0
625,0.2093,0.4962,14.2,9.5,2,0,0
654,0.2057,1.2416,12.7,5.8,1,0,0
659,0.0799,0.4877,10.2,5.7,1,0,0
637,0.4777,0.6329,18.7,16.2,0,0,0
581,0.5307,0.454,13.3,6.0,0,0,0
599,0.5283,0.3138,17.4,9.4,2,0,0
650,0.2567,0.2495,8.1,6.8,0,0,0
589,0.2671,0.1986,6.9,5.2,0,0,0
624,0.321,0.399,8.6,5.4,0,0,0
602,0.1723,0.3204,9.8,1.7,3,0,0
638,0.5021,0.2459,11.5,10.6,0,0,0
638,0.5117,1.2153,9.7,6.3,1,0,0
613,0.4037,0.9865,0.0,0.0,0,0,0
617,0.2468,0.4883,18.5,13.6,1,0,0
614,0.3319,1.1367,5.0,6.0,0,0,0
611,0.3895,0.1011,7.5,4.7,1,0,0
551,0.3944,0.3399,14.3,8.7,2,0,0
543,0.2846,0.2184,7.2,5.1,5,0,0
609,0.2069,0.5492,11.9,9.1,2,0,0
554,0.2752,0.4646,8.2,6.7,4,0,0
600,0.1873,1.4888,3.6,2.0,2,0,0
621,0.1213,0.3173,10.1,9.5,1,0,0
580,0.0982,0.5749,4.0,1.0,1,0,0
619,0.1053,0.4558,9.3,6.2,1,0,0
584,0.3174,0.5952,10.3,6.9,0,0,0
515,0.4654,0.4565,5.7,0.9,3,0,0
660,0.1185,0.1786,6.8,5.5,2,0,0
549,0.4187,0.6397,4.5,3.3,1,0,0
609,0.4204,0.6625,14.7,9.9,1,0,0
594,0.243,0.2928,0.0,1.0,1,0,0
653,0.3304,0.179,5.4,3.4,0,0,0
682,0.2246,0.7774,16.0,14.0,0,0,0
606,0.1421,0.3266,0.0,0.9,1,0,0
647,0.1745,0.8856,0.5,1.1,0,0,0
542,0.5015,0.4677,8.6,4.7,2,0,0
653,0.1366,1.1724,3.0,0.0,0,0,0
667,0.1993,0.3291,7.8,7.1,0,0,0
629,0.1761,0.22,10.6,3.6,1,0,0
596,0.1247,1.5345,13.6,9.0,3,0,0
692,0.2971,0.3747,18.5,14.7,0,0,0
676,0.0986,1.5467,15.6,9.2,1,0,0
584,0.5075,0.2297,7.4,4.3,1,0,0
619,0.2402,0.2223,15.2,7.9,2,0,0
596,0.472,1.0448,17.3,10.3,1,0,0
526,0.7499,0.2689,10.6,5.8,3,0,0
548,0.4493,0.3612,2.2,0.6,1,0,0
660,0.0754,1.3433,17.5,12.5,0,0,0
619,0.2806,0.4409,2.7,2.4,2,0,0
668,0.3439,0.3285,10.2,10.0,1,0,0
566,0.3754,0.2015,2.4,0.7,1,0,0
597,0.5336,0.5987,1.4,2.1,0,0,0
587,0.3764,0.4137,0.8,0.0,1,0,0
599,0.4596,0.6947,10.0,10.4,1,0,0
618,0.13,1.0849,10.0,7.2,2,0,0
608,0.2863,0.221,0.0,0.0,2,0,0
579,0.3763,0.3605,10.4,5.7,1,0,0
666,0.1234,0.3108,14.8,12.2,0,0,0
665,0.1259,0.2848,5.3,4.0,0,0,0
575,0.572,0.545,0.0,0.4,1,0,0
636,0.1677,0.5056,14.3,7.9,2,0,0
585,0.2452,0.2421,12.6,7.3,1,0,0
616,0.1549,1.088,13.8,6.1,2,0,0
631,0.2958,1.0423,6.8,3.7,1,0,0
627,0.241,1.5331,6.1,3.3,0,0,0
574,0.1077,0.6342,12.3,5.9,3,0,0
661,0.1483,0.2861,8.0,5.5,0,0,0
606,0.2003,0.7841,6.0,3.5,1,0,0
606,0.1642,0.3605,6.5,3.1,0,0,0
569,0.4477,0.0683,10.4,5.6,0,0,0
621,0.1852,0.3429,4.7,3.6,1,0,0
670,0.1242,0.1611,10.0,5.4,0,0,0
600,0.4479,0.5819,12.5,12.0,0,0,0
604,0.0905,0.5689,12.9,8.7,1,0,0
618,0.553,0.1795,9.2,8.3,0,0,0
648,0.2602,0.3061,6.5,2.3,0,0,0
638,0.0591,1.1792,14.3,9.7,1,0,0
663,0.107,0.4251,15.9,9.2,0,0,0
649,0.3957,1.2559,12.8,9.8,1,0,0
589,0.2409,0.5004,6.0,4.1,1,0,0
668,0.0901,0.2947,11.5,12.0,1,0,0
593,0.2052,0.6053,2.2,0.8,1,0,0
527,0.5665,2.0111,12.3,5.1,2,0,0
592,0.133,0.2973,6.5,4.4,2,0,0
525,0.4269,0.2777,3.6,2.9,2,0,0
539,0.2251,0.508,0.0,0.0,3,0,0
566,0.2504,1.0345,7.6,3.8,2,0,0
541,0.2879,0.1753,5.9,1.7,4,0,0
656,0.3483,1.3043,6.9,5.8,0,0,0
572,0.3706,0.6399,1.4,2.2,1,0,0
657,0.1105,0.9571,9.9,11.8,0,0,0
531,0.6282,0.784,4.9,3.1,0,0,0
643,0.1994,0.1055,13.0,9.4,2,0,0
615,0.1259,0.3608,0.5,0.0,0,0,0
663,0.177,0.4325,11.7,13.6,3,0,0
603,0.2957,0.6214,10.5,8.6,1,0,0
625,0.0979,0.318,5.3,3.7,1,0,0
567,0.3184,1.012,0.6,4.6,1,0,0
571,0.433,0.2272,1.3,0.8,1,0,0
704,0.1648,0.417,7.6,12.4,0,0,0
633,0.2215,1.0095,13.4,12.7,2,0,0
600,0.4498,0.7603,14.2,9.9,0,0,0
576,0.074,0.6053,0.2,1.2,1,0,0
605,0.436,0.745,5.9,4.4,0,0,0
639,0.1323,0.5506,7.9,7.0,3,0,0
633,0.3986,0.4393,19.1,12.2,0,0,0
590,0.5702,0.235,17.4,16.4,1,0,0
537,0.3444,0.577,9.2,5.1,1,0,0
551,0.4122,0.7074,0.4,0.8,1,0,0
631,0.2268,0.286,9.8,7.6,1,0,0
543,0.7112,0.3657,16.3,10.8,2,0,0
576,0.3794,0.1328,10.1,4.5,2,0,0
605,0.2725,0.8343,10.2,7.6,2,0,0
634,0.2612,0.8434,4.3,3.5,0,0,0
602,0.4106,0.5759,2.5,1.1,1,0,0
548,0.5813,0.4798,13.4,8.8,2,0,0
621,0.1794,0.1402,1.7,1.5,0,0,0
635,0.3295,0.4056,12.1,11.0,1,0,0
614,0.2676,0.8279,1.9,3.7,0,0,0
642,0.3108,0.9356,14.0,10.8,2,0,0
626,0.2932,1.3136,17.9,11.7,0,0,0
652,0.3291,1.0853,12.1,7.8,0,0,0
605,0.3832,0.4293,0.4,0.0,0,0,0
617,0.1662,0.2281,6.1,3.4,1,0,0
664,0.2485,0.4732,11.6,5.9,0,0,0
535,0.211,0.4247,2.0,0.0,5,0,0
693,0.1006,0.4273,14.3,11.2,1,0,0
609,0.2782,0.3996,16.6,10.3,3,0,0
646,0.2553,0.5294,15.0,10.6,2,0,0
637,0.0976,0.4115,7.3,5.1,1,0,0
631,0.2017,0.1156,11.4,8.9,1,0,0
588,0.1476,0.1281,7.6,4.0,2,0,0
618,0.1691,0.1204,15.4,4.2,0,0,0
574,0.5117,1.7977,5.5,2.6,1,0,0
575,0.5317,0.3613,11.0,5.9,2,0,0
627,0.1861,0.2708,10.7,3.3,0,0,0
683,0.1372,0.8897,17.2,10.9,0,0,0
650,0.0777,0.4576,18.8,11.8,2,0,0
640,0.4361,0.4008,13.3,9.3,0,0,0
586,0.4624,0.4738,7.6,6.4,1,0,0
595,0.4444,0.2323,14.0,13.5,3,0,0
577,0.2759,0.6625,3.5,2.6,1,0,0
653,0.2299,1.2948,13.0,9.2,0,0,0
611,0.1459,0.3226,11.2,11.8,1,0,0
644,0.252,1.4139,5.4,1.2,1,0,0
604,0.045,0.5438,4.1,0.5,1,0,0
614,0.3237,0.307,5.6,5.1,0,0,0
558,0.1063,0.938,6.9,7.5,3,0,0
596,0.302,0.405,14.0,12.7,3,0,0
583,0.5008,0.1509,17.5,8.6,0,0,0
615,0.4669,0.2405,10.6,3.9,0,0,0
603,0.2359,0.247,4.5,2.9,0,0,0
618,0.1156,0.7451,0.0,1.4,1,0,0
625,0.4504,0.1959,14.4,9.3,1,0,0
559,0.5885,2.0924,1.4,0.0,1,0,0
598,0.3332,0.8275,13.0,6.6,1,0,0
716,0.2188,0.3419,21.0,16.8,0,0,0
576,0.1807,0.2408,10.7,9.6,1,0,0
609,0.3901,0.7483,5.3,5.0,1,0,0
670,0.2224,0.4522,17.9,12.4,1,0,0
529,0.3749,0.7312,7.8,3.7,3,0,0
533,0.2783,0.6696,1.8,0.0,1,0,0
569,0.1953,0.6681,11.4,5.0,2,0,0
576,0.38,1.1255,16.0,7.1,2,0,0
614,0.1064,0.3872,7.1,4.4,0,0,0
639,0.1657,1.4227,1.3,1.8,0,0,0
539,0.3496,0.3545,4.1,3.0,2,0,0
639,0.1784,0.5989,9.1,9.2,1,0,0
661,0.2212,0.6258,9.4,6.9,0,0,0
565,0.3888,0.45,6.1,1.0,2,0,0
560,0.2809,0.1662,7.9,5.3,2,0,0
651,0.3165,0.2395,5.6,3.7,0,0,0
609,0.1347,1.0617,5.2,4.6,2,0,0
588,0.3625,0.753,0.8,2.3,1,0,0
626,0.1165,0.1066,8.4,6.8,3,0,0
625,0.1834,0.4188,16.5,10.6,0,0,0
568,0.426,0.4956,6.6,7.4,0,0,0
645,0.0591,0.9099,16.4,13.2,1,0,0
556,0.5025,0.1661,6.6,0.0,3,0,0
602,0.4856,0.3994,16.3,12.9,1,0,0
619,0.3188,0.2225,7.1,3.2,1,0,0
557,0.2888,0.3138,7.9,2.0,2,0,0
541,0.3969,0.4882,2.3,2.1,2,0,0
710,0.1099,0.8151,0.7,5.1,0,0,0
492,0.6379,0.3568,10.0,6.9,4,0,0
566,0.3454,0.2029,7.7,4.8,1,0,0
650,0.2138,0.5396,14.4,10.3,0,0,0
522,0.6422,1.2592,5.2,8.4,1,0,0
592,0.083,0.2612,7.1,4.4,0,0,0
696,0.1441,0.5697,13.2,11.2,0,0,0
634,0.1666,0.4123,7.2,4.2,1,0,0
581,0.5127,0.5311,7.7,4.2,0,0,0
597,0.3124,0.4102,15.2,13.5,3,0,0
539,0.454,0.726,10.1,4.9,1,0,0
624,0.3845,0.3557,2.9,3.5,0,0,0
660,0.3219,0.5106,17.6,11.6,2,0,0
568,0.3121,0.2284,8.2,4.2,0,0,0
572,0.314,0.1282,6.0,3.4,3,0,0
577,0.1274,0.4916,13.7,5.1,2,0,0
630,0.1099,0.7977,7.4,3.1,0,0,0
634,0.5653,0.4349,11.8,8.5,1,0,0
584,0.4688,0.4797,14.5,9.7,3,0,0
628,0.321,0.1959,10.1,5.2,0,0,0
593,0.0898,0.2825,14.1,12.8,3,0,0
692,0.0694,0.5525,16.9,9.8,0,0,0
655,0.3499,0.4654,16.1,14.1,0,0,0
581,0.3303,0.47,10.0,7.3,2,0,0
527,0.5671,0.5958,5.7,3.5,1,0,0
638,0.123,0.4814,13.9,9.9,0,0,0
559,0.2478,2.2425,0.0,0.6,2,0,0
621,0.2618,0.423,0.0,0.0,0,0,0
604,0.2221,0.7991,15.5,9.0,3,0,0
560,0.3463,0.5201,0.4,0.0,2,0,0
656,0.1412,1.0896,4.8,4.2,1,0,0
547,0.2836,0.2509,6.5,5.9,3,0,0
561,0.1965,0.1558,0.0,2.5,0,0,0
575,0.2577,0.3044,0.0,0.0,3,0,0
602,0.1653,0.554,9.0,7.0,1,0,0
571,0.4094,0.3445,2.1,1.4,0,0,0
629,0.0086,0.4911,3.0,1.0,0,0,0
597,0.3,0.4529,9.1,10.4,2,0,0
551,0.2768,0.1436,7.0,5.8,2,0,0
660,0.1565,1.0287,15.9,14.0,1,0,0
569,0.3002,0.3695,9.6,0.0,5,0,0
574,0.1629,0.4518,6.5,6.6,4,0,0
604,0.4761,0.3787,11.1,8.8,1,0,0
652,0.4576,0.3844,19.0,14.7,0,0,0
627,0.3599,0.2224,14.9,9.8,2,0,0
665,0.1316,0.9547,2.5,6.0,1,0,0
646,0.1008,0.4687,16.2,10.9,1,0,0
599,0.2058,0.6931,14.7,10.3,5,0,0
601,0.4743,0.8679,1.8,0.0,0,0,0
654,0.1083,0.7663,10.8,7.5,0,0,0
642,0.2405,1.2871,7.8,5.1,2,0,0
600,0.3562,0.3819,13.2,11.4,1,0,0
603,0.3631,0.3268,5.5,5.1,1,0,0
689,0.2443,0.2316,15.0,12.8,1,0,0
553,0.3756,0.1844,5.8,3.8,2,0,0
582,0.1187,1.7482,19.1,12.7,2,0,0
678,0.0457,0.5238,10.1,8.8,1,0,0
614,0.2844,0.5061,8.0,5.9,2,0,0
620,0.0847,1.2933,9.5,1.9,1,0,0
577,0.5701,0.2887,13.2,8.3,0,0,0
567,0.4088,0.3731,1.8,0.0,2,0,0
552,0.3674,0.4524,10.3,5.6,3,0,0
607,0.5342,0.3745,14.4,12.1,0,0,0
662,0.1679,0.374,13.8,9.0,1,0,0
586,0.2653,0.4552,7.2,4.5,4,0,0
639,0.1543,0.1647,8.7,5.7,0,0,0
552,0.2848,0.4208,0.0,0.0,2,0,0
635,0.1056,0.4326,10.1,6.4,3,0,0
566,0.4839,0.3936,0.8,4.2,2,0,0
576,0.2805,0.7429,5.4,0.4,0,0,0
646,0.0302,1.4667,15.0,11.0,0,0,0
589,0.477,0.4768,7.9,6.6,0,0,0
707,0.0654,0.3485,17.7,10.6,0,0,0
570,0.4486,0.4342,13.5,10.7,2,0,0
621,0.2132,0.4334,1.8,0.0,2,0,0
641,0.4174,0.4941,13.4,10.3,1,0,0
577,0.6679,1.6822,11.1,5.2,0,0,0
575,0.5479,0.4525,8.6,6.2,0,0,0
674,0.1166,0.4306,14.6,14.7,4,0,0
545,0.4277,0.0971,11.4,6.2,4,0,0
580,0.0944,0.1484,3.3,1.5,2,0,0
591,0.1769,0.7505,3.9,6.0,3,0,0
557,0.1932,1.2637,0.0,2.5,2,0,0
605,0.0869,0.4665,3.0,5.6,1,0,0
556,0.2254,0.3248,2.7,1.2,2,0,0
629,0.2721,0.1941,12.9,9.7,1,0,0
593,0.384,0.8845,6.4,5.4,1,0,0
610,0.2508,1.3876,19.9,12.4,1,0,0
563,0.3342,0.4728,15.1,8.3,3,0,0
621,0.2911,0.3214,11.4,5.5,0,0,0
641,0.0437,0.5327,10.3,6.2,0,0,0
629,0.1377,0.4345,2.2,0.0,0,0,0
578,0.4018,0.2622,0.0,0.0,1,0,0
592,0.2697,0.3359,4.5,1.1,1,0,0
522,0.6818,1.2063,16.2,12.4,2,0,0
559,0.4012,0.3225,7.0,5.7,2,0,0
576,0.3923,0.4079,18.0,11.5,2,0,0
662,0.1211,0.5363,10.3,6.5,0,0,0
646,0.0906,0.6044,0.0,1.2,0,0,0
598,0.3411,0.4665,4.3,2.3,0,0,0
581,0.3978,0.1974,0.0,0.0,0,0,0
634,0.2123,0.645,0.0,0.0,0,0,0
651,0.2667,0.4869,5.9,6.7,1,0,0
574,0.4083,0.3784,1.9,0.0,0,0,0
609,0.0617,1.4414,2.0,0.8,1,0,0
519,0.4064,0.756,9.4,4.8,2,0,0
641,0.2684,0.5151,14.3,10.3,1,0,0
633,0.2532,0.4209,14.0,8.9,0,0,0
689,0.0159,0.3628,10.1,7.2,0,0,0
627,0.3185,0.3855,9.8,5.2,1,0,0
591,0.395,0.2392,8.0,4.7,0,0,0
594,0.15,0.37,2.1,0.0,0,0,0
570,0.3601,0.5831,4.9,1.4,4,0,0
663,0.0957,0.1912,19.7,12.9,0,0,0
671,0.2403,0.251,13.0,9.4,1,0,0
660,0.164,0.4864,15.6,10.6,1,0,0
563,0.4582,0.2241,14.4,12.8,0,0,0
535,0.195,0.3345,0.8,0.0,5,0,0
581,0.3144,0.3542,10.0,6.5,2,0,0
474,0.4432,0.1686,2.8,0.0,1,0,0
567,0.1482,1.0085,7.7,5.1,2,0,0
530,0.4636,0.4636,12.2,7.2,2,0,0
504,0.8108,0.236,2.5,0.7,2,0,0
624,0.1448,0.2376,6.0,2.8,0,0,0
585,0.2433,0.7976,2.6,2.7,2,0,0
602,0.2869,0.7795,5.0,4.1,0,0,0
664,0.1698,0.2646,1.2,0.0,0,0,0
610,0.3826,1.3306,10.5,6.9,0,0,0
592,0.3942,0.5995,13.9,6.7,0,0,0
587,0.2725,0.4578,4.2,0.0,0,0,0
534,0.4399,0.1452,10.0,7.8,4,0,0
596,0.1936,0.2994,0.5,0.0,1,0,0
612,0.1668,0.3045,11.0,6.5,1,0,0
575,0.2052,0.4561,12.0,8.8,3,0,0
619,0.4217,0.2828,11.2,7.8,0,0,0
614,0.595,0.9325,13.4,12.2,1,0,0
556,0.3777,0.2538,2.0,0.0,2,0,0
575,0.5154,0.2649,8.2,8.2,0,0,0
631,0.1658,1.6018,0.9,1.8,0,0,0
577,0.1615,0.6188,13.0,10.6,2,0,0
573,0.2657,0.3942,0.3,0.0,1,0,0
566,0.3687,0.8568,11.5,6.1,2,0,0
539,0.2895,0.6459,3.0,2.3,1,0,0
692,0.1623,0.6099,14.4,8.2,0,0,0
584,0.3559,0.5276,8.6,4.0,0,0,0
566,0.3982,0.1633,4.2,3.2,0,0,0
634,0.2662,0.6294,10.4,9.4,1,0,0
633,0.0204,0.6551,13.1,6.0,0,0,0
626,0.1828,1.4121,9.2,9.1,1,0,0
574,0.1181,0.1172,4.0,0.3,2,0,0
595,0.2269,0.6974,13.6,8.9,3,0,0
626,0.294,1.0339,4.8,2.8,2,0,0
639,0.2114,0.4116,6.7,3.7,2,0,0
625,0.0782,0.2752,15.4,10.3,0,0,0
576,0.475,0.4953,7.5,5.5,1,0,0
600,0.0491,0.396,0.0,2.5,2,0,0
650,0.2108,0.5748,18.5,12.5,1,0,0
566,0.4963,1.4886,19.5,11.8,1,0,0
583,0.4828,0.9892,1.0,0.0,3,0,0
580,0.3676,0.5425,9.1,7.0,2,0,0
609,0.2342,0.3642,10.6,9.1,1,0,0
556,0.1362,0.9167,9.3,5.2,4,0,0
627,0.362,0.6805,9.2,8.3,0,0,0
604,0.2302,0.3638,0.0,4.3,0,0,0
602,0.1718,0.5609,8.5,8.6,2,0,0
618,0.4118,0.1432,13.0,7.7,0,0,0
586,0.2054,0.7157,12.7,11.0,2,0,0
566,0.3926,0.6161,4.9,5.3,3,0,0
646,0.1714,0.2422,9.1,6.5,1,0,0
578,0.2007,0.1048,8.9,8.0,2,0,0
598,0.4635,1.0059,12.2,10.1,1,0,0
670,0.1386,0.3002,12.4,11.2,0,0,0
598,0.5418,0.2293,6.7,5.8,0,0,0
617,0.1651,0.3983,12.5,10.3,2,0,0
522,0.616,0.208,12.3,6.6,2,0,0
584,0.4391,0.6428,12.6,8.8,0,0,0
593,0.0738,0.454,3.8,1.2,1,0,0
615,0.2387,0.8939,3.2,4.6,1,0,0
510,0.5094,0.5995,12.7,6.2,3,0,0
584,0.4897,0.1947,10.2,2.8,2,0,0
540,0.3589,0.3148,8.4,3.0,4,0,0
578,0.278,0.2537,4.6,2.8,3,0,0
576,0.2018,0.2404,17.9,8.5,4,0,0
584,0.3028,1.2978,2.9,0.0,1,0,0
633,0.3895,0.933,10.6,8.7,1,0,0
546,0.1319,0.247,3.5,0.0,2,0,0
608,0.2223,0.4948,12.4,10.7,3,0,0
522,0.4081,0.5763,11.3,5.3,3,0,0
597,0.2009,0.2646,18.0,8.3,0,0,0
575,0.1793,0.6759,5.3,1.7,1,0,0
648,0.4273,0.4153,9.1,3.8,0,0,0
602,0.1812,0.6358,16.3,8.8,3,0,0
567,0.3945,0.4605,2.0,1.2,1,0,0
683,0.3685,1.2571,17.7,12.7,0,0,0
601,0.4599,0.7103,15.1,13.3,0,0,0
600,0.1488,0.4713,11.1,7.0,2,0,0
624,0.2282,0.4239,15.8,11.6,2,0,0
631,0.1333,0.84,3.5,0.0,1,0,0
604,0.1752,0.2645,0.0,0.0,3,0,0
528,0.5354,1.4118,7.3,7.7,3,0,0
547,0.4602,0.6916,2.1,4.3,2,0,0
547,0.8384,0.3117,1.9,4.5,1,0,0
596,0.2455,0.3855,13.7,9.3,2,0,0
559,0.3616,0.456,1.1,0.0,1,0,0
589,0.1923,0.0902,2.5,0.2,0,0,0
634,0.2016,0.2206,13.5,8.8,3,0,0
645,0.2306,1.2608,15.1,9.4,1,0,0
561,0.2995,1.0088,9.4,6.8,1,0,0
573,0.2484,0.6549,9.5,8.2,3,0,0
619,0.054,0.4698,15.1,8.5,2,0,0
598,0.4747,0.8922,3.0,5.9,0,0,0
681,0.1743,0.0761,16.8,11.9,1,0,0
637,0.0581,0.2068,2.9,4.7,2,0,0
616,0.2047,0.2121,5.9,5.0,1,0,0
707,0.0606,0.3751,18.3,17.1,0,0,0
599,0.0511,0.1445,2.3,0.0,2,0,0
606,0.2861,0.3581,14.5,9.1,1,0,0
538,0.255,0.3466,4.7,2.3,3,0,0
566,0.3765,0.1512,5.6,4.3,1,0,0
523,0.5374,0.1779,6.4,4.7,2,0,0
630,0.2272,0.4949,10.2,7.9,1,0,0
577,0.4057,0.6141,3.4,2.7,3,0,0
654,0.0916,1.165,12.0,9.5,1,0,0
549,0.7766,1.2339,7.3,4.1,1,0,0
601,0.0812,1.0294,9.3,7.4,2,0,0
606,0.2112,0.997,15.5,16.5,3,0,0
622,0.4516,0.2284,14.1,9.9,0,0,0
587,0.2918,1.2189,5.4,0.9,2,0,0
632,0.1338,0.2819,11.8,7.0,1,0,0
620,0.1228,0.5658,2.6,0.9,2,0,0
600,0.2847,0.1722,11.4,6.2,1,0,0
666,0.1033,0.7418,5.7,4.2,0,0,0
551,0.5889,1.0732,9.7,8.4,4,0,0
637,0.0117,0.545,7.4,2.6,1,0,0
521,0.3014,0.667,4.3,0.0,3,0,0
650,0.094,0.373,10.3,12.2,1,0,0
659,0.2341,0.4247,15.0,8.6,1,0,0
631,0.4061,0.4833,12.7,11.7,1,0,0
578,0.6867,0.224,7.1,6.5,2,0,0
571,0.2331,0.6675,6.9,3.6,2,0,0
606,0.103,0.2575,13.4,7.8,1,0,0
630,0.3409,1.3437,8.8,5.0,0,0,0
646,0.273,0.8067,7.0,4.0,0,0,0
530,0.6203,0.8297,9.5,7.9,3,0,0
582,0.4109,0.4868,1.2,0.0,2,0,0
676,0.3993,1.0996,15.9,13.7,0,0,0
566,0.3218,1.1929,9.7,5.5,2,0,0
627,0.2498,0.7482,0.3,0.0,1,0,0
515,0.746,0.2731,10.1,7.4,0,0,0
667,0.1136,0.6524,8.2,10.5,0,0,0
621,0.1662,0.3416,2.0,0.0,0,0,0
599,0.298,0.3287,0.0,0.3,0,0,0
614,0.3139,0.3649,4.0,3.1,1,0,0
682,0.1047,0.4738,8.5,9.7,1,0,0
603,0.062,0.4325,2.7,0.0,1,0,0
589,0.4104,0.7589,9.3,8.4,0,0,0
657,0.1869,0.4025,12.3,5.8,0,0,0
613,0.2522,0.1434,15.1,11.0,1,0,0
560,0.4735,0.3652,6.1,5.7,0,0,0
629,0.2738,1.1914,6.7,6.7,0,0,0
550,0.4787,0.3694,3.7,0.0,1,0,0
584,0.1036,0.9149,15.4,6.8,2,0,0
597,0.1249,1.3893,12.0,8.0,2,0,0
592,0.3515,0.4781,8.3,4.7,1,0,0
568,0.3105,0.708,1.0,0.0,0,0,0
664,0.1948,0.7138,15.8,8.4,0,0,0
604,0.4759,0.151,13.7,8.6,0,0,0
597,0.4671,0.5497,7.2,8.5,1,0,0
583,0.2856,0.413,9.8,4.4,1,0,0
658,0.202,0.7865,16.9,13.6,0,0,0
591,0.4756,0.5468,5.0,0.6,0,0,0
630,0.1159,0.2398,3.5,0.9,0,0,0
569,0.5639,1.2448,8.5,2.9,2,0,0
602,0.1154,0.5305,0.0,4.3,2,0,0
570,0.4131,0.4308,2.3,3.5,3,0,0
648,0.0697,0.413,19.3,14.9,3,0,0
542,0.447,1.5122,9.5,8.0,3,0,0
628,0.3786,0.8763,14.7,8.7,0,0,0
580,0.2738,0.3505,6.1,4.3,2,0,0
660,0.1608,0.849,12.3,6.5,0,0,0
610,0.5535,1.0147,11.4,13.4,2,0,0
576,0.4915,1.0592,2.1,0.0,1,0,0
637,0.3097,0.7185,16.3,9.7,0,0,0
595,0.1737,0.3731,8.7,9.3,2,0,0
667,0.1144,0.8151,11.6,7.9,0,0,0
623,0.2322,1.3022,2.6,3.0,3,0,0
580,0.4445,0.1821,4.5,3.0,3,0,0
631,0.0635,0.1765,9.0,4.9,0,0,0
570,0.5089,0.3236,12.8,7.6,2,0,0
572,0.2915,0.6552,0.0,1.7,1,0,0
650,0.5667,0.1575,16.9,12.3,0,0,0
639,0.1788,0.3349,13.7,12.0,3,0,0
643,0.1139,0.2727,0.4,2.7,0,0,0
606,0.3111,1.0158,6.3,5.6,2,0,0
606,0.093,0.2003,4.2,5.0,0,0,0
581,0.4903,0.3627,14.8,11.4,2,0,0
627,0.2111,0.7552,3.0,2.9,0,0,0
610,0.1242,0.413,12.5,8.1,1,0,0
615,0.1194,0.4027,11.0,4.3,1,0,0
649,0.2739,0.2847,14.0,8.5,0,0,0
576,0.433,0.9889,0.0,2.9,2,0,0
581,0.3235,0.3911,1.4,1.6,1,0,0
603,0.2137,0.2948,7.0,4.1,1,0,0
548,0.6963,0.2417,14.9,12.8,1,0,0
571,0.245,0.7562,3.2,1.3,1,0,0
607,0.366,0.3647,2.7,3.3,1,0,0
552,0.5101,0.5753,5.3,6.4,0,0,0
710,0.0362,0.2686,16.1,12.5,0,0,0
654,0.0857,0.2165,9.9,9.1,3,0,0
589,0.3849,0.4555,5.5,4.8,1,0,0
607,0.2741,0.515,14.2,6.1,2,0,0
609,0.2106,0.7305,6.5,7.2,0,0,0
662,0.1385,0.4441,20.3,15.8,3,0,0
610,0.0852,0.372,9.7,6.2,1,0,0
615,0.2049,0.6211,16.2,10.2,0,0,0
626,0.3195,0.4642,7.3,5.4,0,0,0
651,0.4055,0.5363,16.4,9.1,1,0,0
525,0.5535,1.2266,1.1,2.7,2,0,0
611,0.2092,1.5477,6.2,4.0,2,0,0
647,0.0909,0.2135,9.4,4.8,1,0,0
678,0.062,0.3139,12.6,10.1,0,0,0
565,0.25,0.3373,5.9,5.1,2,0,0
616,0.1882,0.26,6.3,6.0,2,0,0
558,0.6374,0.1782,5.6,1.4,2,0,0
630,0.2018,0.0714,0.0,1.5,1,0,0
514,0.4943,0.8993,9.5,10.2,3,0,0
720,0.1256,0.1278,21.9,15.2,0,0,0
575,0.2221,0.2484,0.0,0.0,2,0,0
686,0.0738,1.154,9.6,3.9,0,0,0
534,0.6396,0.6486,11.1,7.9,1,0,0
589,0.3388,1.037,10.1,5.0,1,0,0
623,0.382,0.4652,17.6,14.7,1,0,0
629,0.2426,1.4366,0.0,4.9,2,0,0
594,0.2667,0.7033,6.7,9.6,3,0,0
598,0.1299,0.1087,10.0,5.3,2,0,0
579,0.3894,0.3878,11.5,6.6,1,0,0
691,0.0309,0.4681,2.8,3.2,0,0,0
545,0.4475,0.2322,12.1,8.0,2,0,0
621,0.3289,0.3867,11.0,7.7,0,0,0
616,0.0933,0.1813,7.5,10.2,1,0,0
577,0.4828,0.5791,5.7,1.8,0,0,0
577,0.1759,1.4467,4.2,3.5,2,0,0
598,0.3908,0.132,2.0,2.2,0,0,0
567,0.3489,0.5437,3.9,4.8,2,0,0
573,0.4804,0.4683,11.6,6.4,2,0,0
642,0.0947,0.4625,5.3,6.7,1,0,0
631,0.3141,1.5046,5.3,4.2,0,0,0
660,0.2553,0.7724,17.0,10.2,0,0,0
560,0.3379,0.5321,0.9,0.3,4,0,0
600,0.5703,0.9519,13.2,11.2,4,0,0
668,0.4634,0.3171,13.6,13.7,1,0,0
643,0.1443,0.4635,16.9,11.1,2,0,0
602,0.4128,0.3381,2.3,5.8,1,0,0
667,0.0653,1.1085,11.1,10.3,0,0,0
568,0.5035,0.5155,8.7,5.1,1,0,0
623,0.2079,0.3317,4.2,4.1,1,0,0
641,0.0196,0.9123,10.8,9.3,0,0,0
588,0.4675,0.8992,3.7,2.1,1,0,0
588,0.1605,0.3731,13.6,8.2,1,0,0
623,0.2948,0.3174,14.4,9.8,0,0,0
555,0.2828,0.4383,7.4,4.4,3,0,0
639,0.1436,1.4609,10.1,7.6,0,0,0
593,0.5212,0.1691,12.4,13.0,2,0,0
616,0.1909,0.2654,10.3,8.1,0,0,0
612,0.4852,0.7026,15.4,14.4,0,0,0
624,0.265,0.3993,19.3,14.6,0,0,0
667,0.2896,0.6463,17.9,18.3,3,0,0
542,0.1931,0.3815,0.5,0.0,1,0,0
569,0.3523,0.2332,7.4,1.0,1,0,0
649,0.1454,0.4383,13.5,10.0,2,0,0
647,0.2884,0.8459,15.8,11.9,2,0,0
559,0.4924,0.1407,5.9,7.3,4,0,0
631,0.5173,0.4323,11.0,11.5,0,0,0
613,0.177,0.3608,8.6,2.9,0,0,0
620,0.2079,0.6366,13.7,9.2,2,0,0
592,0.182,0.2054,13.7,9.9,1,0,0
604,0.197,0.1824,13.2,6.9,1,0,0
544,0.4512,0.3551,5.6,3.6,1,0,0
564,0.4995,0.3396,3.5,4.6,1,0,0
648,0.0851,0.0943,12.4,11.0,1,0,0
568,0.3315,0.5093,4.0,3.5,1,0,0
669,0.2553,0.9115,5.3,7.1,0,0,0
522,0.422,0.7021,0.0,0.7,2,0,0
645,0.2491,0.6532,12.3,11.2,1,0,0
569,0.4407,0.6744,14.4,8.4,0,0,0
586,0.3532,0.765,5.9,2.6,1,0,0
563,0.2496,1.2055,0.7,4.6,1,0,0
658,0.1541,0.4048,0.0,0.0,0,0,0
583,0.2687,1.1812,4.5,5.2,2,0,0
613,0.1362,0.2203,2.3,0.6,0,0,0
628,0.3534,0.1719,12.7,9.7,1,0,0
634,0.1212,0.2238,11.5,7.8,1,0,0
637,0.4161,0.2633,17.6,13.8,1,0,0
669,0.1816,0.3826,11.5,9.5,1,0,0
532,0.698,0.1483,2.5,0.4,0,0,0
617,0.0774,0.8359,5.2,5.1,1,0,0
525,0.1002,0.6049,10.6,5.1,6,0,0
690,0.1271,0.4577,13.0,12.6,0,0,0
561,0.2574,1.2882,3.4,3.1,4,0,0
635,0.118,0.5778,11.4,1.9,1,0,0
612,0.1144,1.4592,8.9,3.6,1,0,0
526,0.2262,0.6024,7.3,6.5,4,0,0
541,0.4399,1.142,7.1,6.9,3,0,0
553,0.1777,0.8755,5.8,3.3,1,0,0
597,0.2588,0.526,2.4,2.0,0,0,0
627,0.1808,0.8367,0.0,1.5,1,0,0
638,0.0732,0.2308,11.1,10.4,1,0,0
686,0.1819,0.4982,16.4,13.3,2,0,0
618,0.1031,0.3335,17.3,11.0,2,0,0
557,0.1911,0.1537,7.2,7.8,3,0,0
518,0.6006,0.6462,12.8,4.6,2,0,0
636,0.2307,0.2203,3.1,1.6,0,0,0
610,0.1203,0.4154,10.5,8.6,3,0,0
662,0.1865,1.4214,16.9,9.4,1,0,0
649,0.2164,0.557,5.8,4.2,1,0,0
599,0.2314,0.737,12.8,10.1,1,0,0
572,0.4293,0.8216,3.5,0.9,2,0,0
582,0.1768,0.5108,1.3,1.3,0,0,0
561,0.4662,0.9192,16.3,9.0,2,0,0
645,0.4302,0.4281,16.3,13.4,0,0,0
611,0.121,0.7367,0.8,1.6,3,0,0
556,0.5367,0.2818,15.2,12.1,3,0,0
583,0.5509,0.3611,15.2,10.5,2,0,0
561,0.5219,0.3178,2.6,0.0,0,0,0
632,0.4099,0.1251,5.8,3.8,2,0,0
586,0.1837,0.4991,0.9,4.1,2,0,0
629,0.1193,0.1421,3.3,4.3,1,0,0
594,0.291,0.4986,4.5,6.6,1,0,0
599,0.3316,0.272,8.0,5.7,1,0,0
577,0.4691,1.4526,9.1,5.0,1,0,0
582,0.1523,1.607,0.6,1.6,2,0,0
659,0.0517,0.4368,19.3,13.1,1,0,0
663,0.0411,0.4364,12.0,7.3,1,0,0
587,0.1361,0.7467,0.0,0.0,2,0,0
636,0.2709,0.6149,5.8,4.7,0,0,0
581,0.4074,0.538,2.2,3.4,0,0,0
612,0.2452,0.8018,15.8,8.7,1,0,0
520,0.5893,0.2105,0.9,3.6,4,0,0
643,0.3065,0.5155,16.6,12.1,1,0,0
641,0.4518,0.4369,17.0,12.1,1,0,0
583,0.0934,0.1723,0.0,0.0,2,0,0
601,0.2443,0.4057,9.5,7.7,3,0,0
663,0.1033,0.4463,9.2,4.1,0,0,0
692,0.0466,0.7216,14.1,8.0,1,0,0
612,0.3514,0.1281,1.1,0.0,0,0,0
662,0.1609,1.1594,6.3,9.8,0,0,0
602,0.5709,0.3634,18.2,12.6,1,0,0
579,0.3135,0.5617,5.7,2.8,0,0,0
677,0.4444,0.5101,13.3,9.2,0,0,0
675,0.2227,0.2125,21.0,13.7,0,0,0
599,0.0762,0.3072,0.0,0.0,2,0,0
638,0.2523,0.4739,3.1,2.9,0,0,0
575,0.4472,0.5165,11.2,7.0,2,0,0
672,0.3271,0.6224,14.4,10.3,1,0,0
683,0.2589,1.3346,8.6,10.7,0,0,0
594,0.2949,0.466,13.8,6.0,1,0,0
621,0.2545,0.8244,9.1,4.1,0,0,0
639,0.1114,0.533,13.4,10.4,1,0,0
595,0.1122,0.4343,9.9,9.7,2,0,0
660,0.3213,0.9967,13.7,15.6,0,0,0
619,0.1903,1.0163,12.3,9.4,2,0,0
584,0.3035,0.6721,7.8,3.0,3,0,0
603,0.1904,0.5816,17.1,15.0,2,0,0
649,0.2026,0.2814,4.0,3.0,1,0,0
600,0.3873,0.2605,11.5,8.2,1,0,0
555,0.3637,0.9136,16.3,7.5,2,0,0
522,0.5076,0.6284,0.1,2.4,1,0,0
588,0.4603,0.3505,14.5,8.3,1,0,0
618,0.221,0.3109,12.4,9.8,1,0,0
650,0.0359,0.3961,20.7,14.6,1,0,0
669,0.0632,0.3622,12.0,8.8,1,0,0
622,0.4906,0.7504,14.3,10.1,0,0,0
513,0.4813,0.4369,0.5,0.0,4,0,0
549,0.2519,0.2975,0.0,0.0,1,0,0
582,0.5178,1.2391,10.9,9.5,1,0,0
646,0.2357,0.3115,17.0,11.9,1,0,0
545,0.2812,1.4007,6.7,3.4,3,0,0
618,0.1959,1.2374,14.4,9.1,2,0,0
600,0.3433,0.6357,7.5,6.6,1,0,0
577,0.3755,0.1993,18.6,11.7,1,0,0
611,0.0483,1.1193,3.2,5.4,1,0,0
575,0.1857,0.7211,7.6,5.0,4,0,0
634,0.1242,0.3466,15.2,9.9,3,0,0
533,0.46,1.6519,15.0,11.7,1,0,0
640,0.2431,0.6125,11.3,7.3,1,0,0
637,0.3018,0.2388,13.7,10.4,0,0,0
627,0.4442,0.8933,13.2,9.1,1,0,0
503,0.5575,0.4964,12.1,5.0,1,0,0
643,0.0047,0.1778,16.8,9.6,1,0,0
575,0.4834,1.3008,3.7,3.2,2,0,0
655,0.17,1.55,3.1,1.3,0,0,0
633,0.1746,0.7587,12.6,12.9,4,0,0
637,0.0339,0.349,0.0,0.0,2,0,0
632,0.015,0.5882,2.6,0.0,1,0,0
612,0.4132,0.2874,5.2,3.7,0,0,0
585,0.5602,1.0421,6.8,5.3,2,0,0
635,0.3064,0.9014,13.2,11.0,1,0,0
615,0.1577,0.8716,3.7,0.0,0,0,0
564,0.2342,0.452,8.6,9.0,7,0,0
657,0.1312,0.5044,16.9,9.2,0,0,0
601,0.4312,0.5336,15.0,12.7,4,0,0
626,0.3591,1.3181,15.0,14.4,1,0,0
680,0.1185,0.2099,8.4,7.4,0,0,0
680,0.1358,0.3424,12.1,6.2,0,0,0
599,0.1191,0.3665,4.2,2.6,1,0,0
625,0.232,1.5106,11.4,9.5,0,0,0
670,0.1994,0.9981,4.5,3.2,0,0,0
614,0.1832,1.0122,4.6,1.1,2,0,0
668,0.3385,1.0493,13.2,9.4,0,0,0
597,0.2132,0.7865,9.9,5.9,2,0,0
581,0.3418,1.0817,17.4,13.4,3,0,0
571,0.4192,0.3729,0.0,0.0,1,0,0
613,0.1357,0.5567,14.9,6.6,1,0,0
475,0.7156,0.1314,1.8,0.0,0,0,0
595,0.4099,0.3798,6.3,1.0,2,0,0
646,0.3642,1.7205,14.0,8.5,1,0,0
639,0.3958,0.1855,10.4,8.6,1,0,0
570,0.349,0.5948,1.9,0.5,4,0,0
618,0.2338,0.6343,1.0,0.7,1,0,0
514,0.854,1.0586,0.0,0.0,0,0,0
622,0.4892,0.1386,10.5,7.4,2,0,0
661,0.1242,0.9228,7.0,3.0,1,0,0
634,0.3734,0.2175,18.0,10.2,1,0,0
576,0.145,1.2337,8.5,5.5,0,0,0
677,0.1035,0.3053,15.4,9.4,0,0,0
589,0.3211,1.2288,3.8,0.0,0,0,0
660,0.063,0.3314,4.2,2.8,0,0,0
592,0.4362,0.1974,12.8,7.0,0,0,0
600,0.2932,0.3521,16.8,9.7,3,0,0
621,0.3269,0.0957,11.8,11.1,0,0,0
632,0.4307,0.4234,16.6,13.3,1,0,0
634,0.0667,1.6493,18.7,13.8,1,0,0
666,0.1269,0.346,16.9,12.0,1,0,0
595,0.5136,0.2224,18.4,14.1,2,0,0
630,0.0732,0.2677,7.8,4.7,2,0,0
557,0.292,0.1918,0.0,0.2,2,0,0
622,0.0676,0.4293,0.0,0.0,0,0,0
649,0.2253,1.6857,9.2,6.7,1,0,0
609,0.2237,0.3663,3.0,2.7,1,0,0
615,0.1846,0.7985,7.7,5.8,1,0,0
596,0.2672,0.5193,0.6,0.0,0,0,0
613,0.2582,0.2477,10.0,8.4,3,0,0
603,0.3099,1.3746,13.9,9.3,1,0,0
579,0.2706,0.5659,7.2,4.6,1,0,0
524,0.4923,0.6471,5.9,0.5,1,0,0
621,0.1662,0.6236,8.2,4.0,3,0,0
630,0.3749,0.3411,17.0,13.6,0,0,0
636,0.1805,0.5122,17.9,14.1,1,0,0
537,0.4592,0.194,6.1,4.2,1,0,0
662,0.0265,0.4271,15.3,9.6,0,0,0
559,0.2653,0.3718,13.3,9.6,4,0,0
613,0.1291,0.4842,6.4,0.0,1,0,0
567,0.2053,1.6992,0.0,0.3,2,0,0
626,0.4,1.1912,16.3,8.9,0,0,0
682,0.0494,0.9901,14.6,10.0,1,0,0
677,0.0116,0.2446,16.3,11.8,0,0,0
644,0.3208,0.6586,9.0,5.6,0,0,0
583,0.4613,0.88,18.8,14.7,4,0,0
588,0.1453,1.5352,9.7,5.5,2,0,0
593,0.3205,1.5848,17.3,10.7,1,0,0
599,0.2551,1.399,3.0,3.3,2,0,0
546,0.6135,0.2791,15.4,10.1,0,0,0
608,0.2178,1.0878,0.0,2.7,1,0,0
583,0.1827,0.5511,0.0,0.0,0,0,0
681,0.1223,1.1231,11.7,9.3,1,0,0
648,0.2753,0.5991,8.0,7.5,1,0,0
604,0.4522,0.7415,18.2,12.6,1,0,0
562,0.6683,0.3236,5.2,0.6,3,0,0
600,0.2464,0.3232,16.6,12.9,3,0,0
570,0.2814,0.6024,0.9,3.0,1,0,0
617,0.3589,0.1879,11.0,7.2,0,0,0
539,0.2967,0.3549,6.1,6.3,1,0,0
633,0.1642,0.2405,15.9,8.8,1,0,0
591,0.2157,0.5086,5.6,4.2,1,0,0
732,0.0161,0.5397,15.3,10.1,0,0,0
536,0.4777,0.432,10.9,4.5,2,0,0
651,0.237,0.5841,8.2,6.5,3,0,0
604,0.5168,0.3584,5.3,1.9,0,0,0
596,0.2432,0.2823,16.2,12.1,1,0,0
573,0.6121,0.3744,11.9,6.3,0,0,0
598,0.4191,0.3123,7.1,1.6,0,0,0
522,0.5561,0.5215,3.1,0.7,3,0,0
573,0.307,0.1574,12.1,10.5,2,0,0
549,0.5221,0.3536,3.7,2.3,0,0,0
570,0.5325,0.3265,8.8,6.2,0,0,0
621,0.0797,0.3613,13.6,9.8,3,0,0
617,0.1905,0.427,16.4,11.7,2,0,0
572,0.4806,0.7704,8.5,9.7,0,0,0
658,0.1676,1.2625,12.2,8.5,0,0,0
600,0.2878,0.4262,11.6,4.3,2,0,0
555,0.2256,0.2963,5.7,3.2,2,0,0
563,0.3756,0.577,4.0,2.9,3,0,0
491,0.5263,0.1798,8.1,3.1,0,0,0
541,0.4653,0.2381,4.4,2.6,1,0,0
651,0.0644,0.2447,20.5,13.9,1,0,0
604,0.6451,0.6602,8.5,9.5,0,0,0
560,0.3178,1.5525,4.6,1.9,1,0,0
551,0.5467,0.2592,10.0,8.9,2,0,0
648,0.1696,1.602,9.7,6.5,1,0,0
591,0.4557,0.2908,14.7,12.0,2,0,0
581,0.3525,0.2102,8.6,8.8,2,0,0
527,0.4413,0.2288,1.2,1.6,0,0,0
661,0.0556,0.2471,8.1,5.6,1,0,0
644,0.0872,0.3586,7.5,7.5,2,0,0
567,0.5124,0.3418,9.1,3.4,1,0,0
660,0.4242,1.1008,18.6,13.4,0,0,0
657,0.2015,0.2606,21.9,12.8,1,0,0
582,0.2866,0.103,13.0,10.7,3,0,0
628,0.3441,0.3063,6.9,5.0,1,0,0
695,0.0855,0.3544,13.5,9.3,0,0,0
629,0.1563,0.7356,15.0,9.8,1,0,0
599,0.206,0.3779,0.9,2.0,2,0,0
573,0.6919,0.7689,11.4,4.4,1,0,0
592,0.4086,0.5494,8.7,9.9,1,0,0
581,0.2726,0.4802,8.0,5.3,3,0,0
586,0.2984,0.3461,3.2,0.0,2,0,0
619,0.0953,0.3504,8.5,0.7,1,0,0
611,0.2661,0.2589,3.3,2.0,0,0,0
586,0.1089,0.2192,9.4,7.0,1,0,0
642,0.0252,0.6702,1.5,1.7,2,0,0
555,0.3429,0.2004,5.2,0.7,1,0,0
608,0.2398,0.1784,2.4,0.0,1,0,0
618,0.3203,0.9511,8.7,8.8,0,0,0
633,0.1762,0.2359,2.8,0.0,2,0,0
576,0.2179,0.2467,1.5,1.3,1,0,0
614,0.2291,1.1465,12.7,8.1,1,0,0
628,0.3129,0.3208,2.2,0.5,1,0,0
634,0.1669,1.212,0.0,0.0,0,0,0
599,0.0931,1.1302,8.6,4.9,2,0,0
626,0.2244,0.1981,9.7,5.6,0,0,0
607,0.5388,0.6896,12.0,10.4,0,0,0
638,0.0397,0.8118,12.6,8.0,1,0,0
601,0.203,0.6232,3.1,0.0,0,0,0
630,0.0843,0.3719,4.5,3.0,1,0,0
617,0.3002,0.5935,13.7,7.5,1,0,0
630,0.1774,0.9662,5.3,1.5,1,0,0
541,0.3318,0.4599,1.6,4.0,2,0,0
582,0.211,0.632,5.4,3.4,2,0,0
594,0.2076,1.2392,10.3,4.7,2,0,0
675,0.0924,0.5314,4.9,3.2,0,0,0
598,0.5239,0.2251,14.0,9.9,1,0,0
647,0.1424,0.5577,6.3,4.0,1,0,0
582,0.1785,1.393,15.2,9.7,4,0,0
563,0.6849,0.5693,4.4,0.3,0,0,0
672,0.0427,0.6952,15.2,9.8,0,0,0
632,0.0736,0.3268,0.0,0.0,2,0,0
584,0.3843,0.8843,6.9,4.6,1,0,0
644,0.4084,1.4151,16.3,12.3,1,0,0
594,0.2917,0.6331,7.3,8.6,2,0,0
639,0.1664,0.5097,7.0,6.4,1,0,0
563,0.3692,0.4257,7.9,0.1,1,0,0
553,0.599,0.5312,0.9,1.1,1,0,0
655,0.2177,0.5012,18.9,16.3,2,0,0
618,0.3845,0.4346,8.5,5.7,0,0,0
587,0.3265,1.3325,11.2,11.0,1,0,0
573,0.6329,0.407,12.2,6.3,2,0,0
593,0.2971,0.359,9.9,5.2,0,0,0
660,0.2315,1.0838,15.3,10.4,0,0,0
562,0.3667,0.2387,6.2,4.0,1,0,0
662,0.0642,0.4409,2.6,3.5,0,0,0
649,0.1842,0.4766,4.4,3.1,0,0,0
671,0.0673,0.2493,15.3,10.5,1,0,0
583,0.2873,1.3612,1.8,6.2,1,0,0
717,0.1648,0.2506,14.5,8.6,0,0,0
552,0.5887,0.6183,4.6,5.8,1,0,0
581,0.2292,0.3288,0.9,1.5,0,0,0
496,0.3215,0.2718,0.0,0.0,1,0,0
633,0.0773,0.2529,12.9,9.5,0,0,0
656,0.2621,0.2217,12.5,7.1,1,0,0
660,0.0591,0.6787,13.9,9.9,1,0,0
602,0.2004,0.1763,0.0,0.0,0,0,0
678,0.1053,0.446,8.5,6.9,0,0,0
529,0.5774,0.5217,10.3,7.0,2,0,0
576,0.3553,0.4948,4.5,6.5,1,0,0
620,0.3755,0.563,17.0,10.1,1,0,0
630,0.1352,0.6079,3.1,0.8,1,0,0
595,0.4418,0.314,0.0,0.5,0,0,0
567,0.0955,0.9821,0.9,0.0,1,0,0
580,0.2983,0.2914,0.0,1.3,3,0,0
612,0.5453,0.4776,16.0,13.8,1,0,0
645,0.2537,1.3248,14.0,8.8,0,0,0
606,0.3652,0.544,0.0,0.2,0,0,0
629,0.4198,1.8273,16.6,12.9,1,0,0
562,0.5165,0.6271,6.9,6.6,1,0,0
605,0.2244,0.7179,5.0,10.5,1,0,0
598,0.4651,0.4644,14.3,7.3,1,0,0
609,0.3001,0.1928,4.6,6.2,1,0,0
599,0.562,0.8812,0.8,0.0,0,0,0
570,0.6203,0.8976,10.7,6.3,0,0,0
655,0.2145,0.5153,14.5,10.4,0,0,0
593,0.2569,0.7675,15.3,10.8,1,0,0
578,0.2241,0.7041,3.5,5.0,2,0,0
638,0.0338,0.5939,11.2,4.9,0,0,0
570,0.2068,0.4262,4.3,0.0,1,0,0
648,0.1131,0.1281,2.2,5.4,1,0,0
598,0.2382,1.2296,3.9,0.0,2,0,0
551,0.2129,0.3119,3.7,4.6,2,0,0
608,0.1776,0.2305,12.1,11.3,2,0,0
611,0.1791,0.1321,10.3,9.5,2,0,0
638,0.2881,0.8906,7.4,6.2,0,0,0
644,0.0758,0.1636,10.7,9.0,1,0,0
472,0.3224,0.3841,2.8,0.9,3,0,0
534,0.4093,0.7486,0.0,0.0,1,0,0
590,0.7198,0.5748,14.0,9.1,1,0,0
528,0.4989,0.2482,7.5,4.2,2,0,0
636,0.0855,0.5676,13.9,7.8,3,0,0
662,0.2232,0.342,19.8,14.0,2,0,0
546,0.3284,0.6667,6.2,0.4,1,0,0
659,0.1783,0.5711,15.3,13.2,1,0,0
564,0.4287,0.1383,0.0,0.0,3,0,0
520,0.3151,0.6923,0.0,0.0,5,0,0
520,0.6538,0.7406,10.2,6.5,3,0,0
590,0.4438,0.2546,5.0,3.2,0,0,0
662,0.2028,0.3117,12.7,6.8,1,0,0
660,0.3385,0.2908,16.4,9.4,2,0,0
584,0.049,0.5417,12.4,6.1,1,0,0
604,0.2705,0.3239,5.0,0.7,3,0,0
584,0.4337,1.8302,0.0,0.0,1,0,0
663,0.2116,0.1642,9.7,6.5,0,0,0
575,0.1711,1.8274,2.1,3.7,3,0,0
610,0.5919,1.0009,12.2,5.4,1,0,0
618,0.3325,0.2406,7.5,7.1,0,0,0
604,0.1189,0.6347,8.4,2.7,2,0,0
630,0.1488,1.245,15.6,11.1,1,0,0
571,0.2541,0.2733,0.0,0.0,0,0,0
603,0.1143,0.3215,9.2,3.9,1,0,0
644,0.1325,1.1839,16.2,12.0,4,0,0
649,0.2709,0.4538,9.7,7.4,1,0,0
615,0.2005,0.4319,3.5,3.9,3,0,0
512,0.6821,0.9082,16.0,9.3,4,0,0
630,0.4271,0.3636,5.0,5.5,0,0,0
583,0.2268,0.8138,8.5,9.1,3,0,0
590,0.3069,0.7269,10.6,7.9,2,0,0
619,0.1683,0.7094,9.8,3.3,0,0,0
606,0.3161,0.7914,13.2,5.4,0,0,0
597,0.3313,0.3879,5.7,4.3,1,0,0
615,0.0431,0.9111,4.4,1.9,3,0,0
612,0.1511,0.6596,12.8,7.0,2,0,0
565,0.5935,0.3871,3.6,2.2,1,0,0
590,0.1448,0.63,3.9,2.0,2,0,0
555,0.23,0.6809,15.4,10.5,3,0,0
593,0.0907,0.4038,1.8,0.0,1,0,0
586,0.2787,0.3383,6.0,8.2,4,0,0
646,0.2815,0.2781,14.7,8.1,0,0,0
618,0.1644,0.4105,4.4,2.5,0,0,0
605,0.1121,0.7586,9.6,2.6,0,0,0
633,0.2843,0.5709,7.7,3.1,1,0,0
587,0.4011,0.7327,7.1,2.4,2,0,0
592,0.11,0.3845,7.9,4.5,0,0,0
590,0.6519,0.6651,17.1,11.5,0,0,0
586,0.2012,0.0709,1.3,0.1,2,0,0
568,0.0975,0.5398,1.8,0.2,3,0,0
590,0.2865,0.2104,7.7,5.8,2,0,0
593,0.2202,0.6074,4.4,3.7,0,0,0
548,0.6134,1.06,5.3,0.0,1,0,0
645,0.3486,0.3361,4.4,5.2,0,0,0
639,0.2061,0.117,14.4,10.6,0,0,0
556,0.3951,0.2729,8.0,1.7,1,0,0
526,0.1722,0.7041,11.9,10.1,7,0,0
626,0.0911,1.4296,6.2,6.4,1,0,0
634,0.2565,0.4552,13.4,5.4,1,0,0
540,0.5572,0.8288,7.4,4.6,2,0,0
591,0.5449,0.7217,13.3,9.8,2,0,0
677,0.0832,0.8623,5.3,5.8,2,0,0
587,0.4131,1.0467,5.7,5.0,0,0,0
622,0.1637,0.4043,9.8,5.7,2,0,0
585,0.3398,0.4923,14.3,7.8,1,0,0
610,0.4358,0.8511,12.5,5.8,1,0,0
613,0.1727,0.7333,10.6,5.6,1,0,0
628,0.1996,0.1898,15.4,11.9,2,0,0
647,0.0945,0.7949,8.4,7.7,1,0,0
660,0.1026,0.2905,16.3,10.7,0,0,0
617,0.1444,0.7415,7.2,7.2,3,0,0
631,0.1649,0.2648,6.5,5.4,1,0,0
683,0.1151,0.8575,5.9,9.2,1,0,0
602,0.0858,0.3767,3.7,0.0,2,0,0
717,0.0976,0.6038,16.2,10.9,0,0,0
628,0.1764,0.6248,1.2,1.3,0,0,0
650,0.206,0.4926,1.4,4.7,1,0,0
668,0.0593,0.5498,21.6,12.2,3,0,0
587,0.2603,0.4018,5.8,2.1,1,0,0
627,0.0337,0.1826,12.4,8.8,2,0,0
525,0.3993,0.4143,6.1,1.8,2,0,0
674,0.0519,0.2567,2.4,1.2,0,0,0
673,0.1354,0.4552,13.4,6.1,2,0,0
614,0.1438,0.5947,6.5,6.9,1,0,0
582,0.4517,0.3518,2.3,5.0,1,0,0
642,0.3351,0.8087,11.1,11.2,0,0,0
585,0.3186,0.5275,10.4,7.6,2,0,0
617,0.2065,0.6286,18.1,13.0,2,0,0
609,0.4324,0.3609,0.0,0.0,0,0,0
665,0.1321,0.3113,13.3,11.0,0,0,0
667,0.4654,0.556,10.2,9.7,0,0,0
521,0.5664,0.3207,7.7,6.8,4,0,0
658,0.0297,0.4548,5.1,4.1,0,0,0
546,0.5861,0.4061,3.7,4.0,0,0,0
564,0.2274,0.5123,2.8,1.9,1,0,0
579,0.2539,0.5296,5.4,1.1,2,0,0
574,0.1855,1.4525,9.2,5.3,2,0,0
651,0.2089,0.979,7.3,5.5,1,0,0
573,0.3874,0.3705,6.1,2.5,1,0,0
619,0.0556,1.6674,6.3,2.5,1,0,0
610,0.083,0.256,8.4,7.1,0,0,0
684,0.0649,0.7472,7.4,6.5,0,0,0
577,0.54,0.3693,9.4,7.2,0,0,0
531,0.5329,1.2941,7.1,4.0,4,0,0
631,0.2015,0.5901,6.5,3.9,1,0,0
610,0.3087,1.0338,7.9,6.9,2,0,0
497,0.5039,0.3834,6.2,2.5,3,0,0
555,0.4866,0.3374,4.0,0.0,2,0,0
580,0.5205,0.9811,15.7,12.0,1,0,0
604,0.1715,1.1857,8.2,5.5,3,0,0
648,0.1917,0.2193,18.3,15.4,1,0,0
682,0.0221,0.4638,11.9,6.2,1,0,0
661,0.0733,0.2599,9.0,8.4,0,0,0
637,0.2739,0.4068,19.0,12.1,0,0,0
668,0.377,0.4265,1.4,2.5,0,0,0
669,0.2221,1.4512,7.3,2.5,0,0,0
603,0.1405,0.2324,7.1,1.8,1,0,0
634,0.1776,0.9367,11.5,8.8,0,0,0
571,0.4272,0.97,13.4,8.8,2,0,0
626,0.2725,0.5673,6.6,4.9,0,0,0
607,0.1104,1.0152,10.3,5.3,0,0,0
636,0.2279,0.4639,7.0,5.6,1,0,0
594,0.395,0.4214,4.3,5.6,0,0,0
644,0.3254,0.3714,6.9,7.0,1,0,0
613,0.2395,0.2484,2.0,0.1,1,0,0
584,0.3729,0.1971,13.7,7.1,0,0,0
633,0.1511,1.2179,14.2,9.9,1,0,0
579,0.1824,0.174,5.4,5.5,1,0,0
609,0.35,0.3118,10.7,4.1,1,0,0
593,0.2975,1.2129,13.5,10.7,1,0,0
632,0.1511,1.0537,11.8,12.3,2,0,0
652,0.0966,0.5818,17.6,13.6,1,0,0
664,0.2904,0.4781,14.7,7.2,0,0,0
638,0.0761,1.9653,5.9,1.9,0,0,0
664,0.287,1.1785,5.5,2.5,0,0,0
552,0.306,1.1133,18.5,12.7,2,0,0
662,0.0851,0.3525,15.4,11.5,0,0,0
707,0.3634,0.3521,20.0,15.4,0,0,0
552,0.1875,0.2535,0.0,0.0,3,0,0
640,0.2531,0.3344,11.7,8.7,1,0,0
574,0.3357,0.3211,4.4,0.9,0,0,0
563,0.5946,0.3443,6.7,3.3,4,0,0
631,0.3028,0.3135,11.6,9.9,0,0,0
590,0.2555,1.5488,4.0,3.7,0,0,0
670,0.0598,1.1404,15.0,11.7,1,0,0
582,0.2412,0.5224,9.6,4.6,1,0,0
581,0.0652,0.5351,2.9,2.0,2,0,0
587,0.074,0.3481,8.8,6.3,2,0,0
569,0.327,0.3553,6.3,5.1,2,0,0
625,0.2623,0.7758,0.9,2.7,0,0,0
649,0.2685,0.3357,12.9,9.1,2,0,0
672,0.0838,0.5687,3.6,5.7,0,0,0
607,0.1184,0.537,7.7,1.5,2,0,0
644,0.034,0.4023,12.0,7.8,2,0,0
612,0.3449,0.2734,15.9,13.2,2,0,0
559,0.3107,0.5241,10.3,5.7,1,0,0
614,0.385,0.9692,11.0,9.4,1,0,0
585,0.268,0.6647,0.3,0.4,1,0,0
629,0.2056,0.6414,6.1,8.1,0,0,0
632,0.1294,0.4568,0.6,0.1,0,0,0
622,0.1307,0.3555,4.5,2.9,1,0,0
681,0.0805,1.0084,14.4,13.7,0,0,0
591,0.5442,0.3258,9.1,5.6,1,0,0
619,0.1122,0.8053,0.0,2.1,0,0,0
558,0.3067,1.54,11.5,8.7,2,0,0
555,0.398,0.3425,2.7,4.1,0,0,0
687,0.0891,0.2634,20.2,13.4,0,0,0
547,0.3895,1.1649,16.2,11.1,6,0,0
559,0.5615,1.2078,6.8,4.0,0,0,0
619,0.27,0.8013,14.6,6.3,1,0,0
660,0.3005,0.3559,15.2,10.1,1,0,0
571,0.0221,0.7968,0.4,6.7,3,0,0
621,0.2241,0.7644,15.2,9.2,1,0,0
600,0.1432,0.8642,3.8,3.0,1,0,0
612,0.0507,1.0349,16.9,14.2,3,0,0
620,0.3366,0.2942,10.5,8.4,1,0,0
597,0.1253,0.6453,4.6,3.1,2,0,0
560,0.474,0.3668,2.9,0.2,0,0,0
659,0.0771,0.8649,15.9,14.0,3,0,0
642,0.1206,0.5533,5.2,5.9,4,0,0
635,0.3379,1.8523,5.0,6.3,0,0,0
545,0.6994,1.0118,11.7,10.8,1,0,0
594,0.2921,0.4841,12.1,5.6,1,0,0
591,0.2744,0.3509,11.3,7.2,3,0,0
636,0.0343,0.3731,0.3,0.8,0,0,0
603,0.2104,0.3301,4.8,1.5,1,0,0
530,0.7578,1.5745,5.4,2.5,1,0,0
688,0.0867,0.4725,13.6,10.8,1,0,0
518,0.4284,0.2255,2.1,2.7,4,0,0
569,0.1961,0.8878,2.0,4.9,2,0,0
621,0.2245,0.7277,15.9,9.7,1,0,0
624,0.147,0.178,15.8,9.2,2,0,0
605,0.3026,0.4462,1.6,5.3,0,0,0
628,0.077,0.2949,11.4,7.5,1,0,0
566,0.2664,0.0986,5.9,0.3,3,0,0
516,0.5152,0.5898,4.7,4.1,3,0,0
638,0.2335,0.5115,11.2,5.7,2,0,0
642,0.1663,0.7467,13.2,8.5,0,0,0
641,0.3034,1.2833,20.2,11.3,0,0,0
664,0.0771,0.9342,9.6,8.9,1,0,0
570,0.5134,0.1499,14.0,10.6,1,0,0
613,0.1174,0.3904,5.3,1.1,0,0,0
622,0.4921,0.6825,12.3,9.0,1,0,0
557,0.5124,0.5322,0.0,1.3,2,0,0
540,0.5971,0.348,5.5,3.4,2,0,0
518,0.6711,0.3703,7.9,8.8,3,0,0
658,0.0398,0.3071,3.3,4.4,0,0,0
599,0.1922,0.7271,9.1,5.4,0,0,0
634,0.2571,0.327,10.8,7.1,1,0,0
640,0.2751,0.3656,10.3,4.7,0,0,0
632,0.1758,0.1702,6.6,1.2,0,0,0
520,0.4163,0.5887,9.6,5.0,4,0,0
628,0.1851,0.3283,19.7,12.4,0,0,0
611,0.2416,0.2004,10.1,9.7,2,0,0
658,0.3031,0.4974,20.4,11.5,1,0,0
637,0.1226,0.166,9.3,6.7,2,0,0
643,0.1887,0.3977,17.7,12.8,1,0,0
609,0.2005,1.2769,0.0,0.0,1,0,0
597,0.1246,0.2151,6.0,6.2,3,0,0
545,0.5766,1.4186,11.2,7.2,2,0,0
679,0.1396,0.777,15.2,9.5,0,0,0
633,0.0664,0.3583,12.8,12.2,2,0,0
614,0.3274,0.6899,11.4,6.3,0,0,0
655,0.054,1.696,5.0,5.1,2,0,0
580,0.1335,0.7697,4.3,1.9,2,0,0
547,0.1838,1.2613,2.3,0.0,1,0,0
595,0.2687,0.6215,7.3,4.4,0,0,0
653,0.2508,0.6021,14.3,14.7,1,0,0
645,0.2732,0.5864,12.4,5.8,0,0,0
653,0.3167,0.2201,2.6,0.4,0,0,0
604,0.2154,0.3637,3.3,4.8,0,0,0
541,0.3478,1.0504,11.5,6.2,2,0,0
628,0.2755,0.3189,0.1,0.0,1,0,0
597,0.2955,0.4153,9.8,7.1,3,0,0
568,0.4344,0.3838,2.2,1.1,1,0,0
592,0.3513,1.1261,4.0,3.8,0,0,0
627,0.2264,0.7721,15.1,10.0,1,0,0
596,0.2854,0.3739,11.0,7.7,2,0,0
645,0.1725,0.3237,9.5,6.4,0,0,0
634,0.1438,0.9141,2.6,0.2,0,0,0
579,0.3429,0.7907,7.9,1.8,3,0,0
631,0.1705,0.4634,2.3,5.5,0,0,0
668,0.0871,0.5228,18.4,11.2,2,0,0
596,0.1763,0.2683,0.4,0.0,1,0,0
647,0.1626,1.1523,12.5,9.1,1,0,0
581,0.1859,0.295,12.9,7.0,1,0,0
656,0.0763,0.6882,13.3,11.1,0,0,0
609,0.4529,0.3291,13.7,10.1,0,0,0
563,0.4403,1.2208,10.6,6.9,1,0,0
589,0.2873,0.9128,13.5,8.5,2,0,0
614,0.3623,0.8324,1.7,0.0,0,0,0
587,0.1338,0.1233,0.0,0.6,0,0,0
645,0.1122,0.3019,10.9,7.9,1,0,0
617,0.6355,0.2535,18.2,11.4,1,0,0
653,0.1042,0.2986,7.0,5.9,1,0,0
646,0.097,0.5121,2.1,4.6,3,0,0
619,0.1845,0.4153,12.9,9.1,2,0,0
693,0.0548,1.3861,16.3,10.9,0,0,0
609,0.3384,0.7048,9.3,4.6,0,0,0
626,0.05,0.6069,0.0,0.0,1,0,0
598,0.2133,0.3347,6.8,3.9,2,0,0
550,0.3067,0.7371,4.1,0.8,1,0,0
601,0.1248,0.2986,0.0,0.9,2,0,0
651,0.167,0.9432,10.9,8.2,3,0,0
672,0.0951,0.7176,12.4,8.8,0,0,0
645,0.0782,1.0342,15.6,10.2,1,0,0
655,0.1905,1.2301,7.5,7.1,1,0,0
541,0.4841,0.1267,13.7,6.1,0,0,0
585,0.2538,0.8763,2.1,0.0,2,0,0
511,0.6,0.4541,9.0,6.8,1,0,0
564,0.7332,0.8592,19.3,16.0,0,0,0
550,0.423,0.6538,1.8,1.5,1,0,0
604,0.1508,0.7415,12.4,8.9,2,0,0
657,0.1721,0.7667,11.6,6.0,0,0,0
612,0.2215,0.3875,11.7,3.9,0,0,0
563,0.1777,0.4544,2.3,0.0,1,0,0
618,0.1958,2.2056,5.6,5.2,0,0,0
571,0.4108,0.5661,0.0,0.0,0,0,0
616,0.0317,0.6998,6.4,2.8,3,0,0
594,0.1419,0.3826,1.6,0.0,1,0,0
598,0.353,1.6205,8.9,4.4,2,0,0
585,0.1129,1.0181,0.0,2.3,4,0,0
643,0.1417,0.2713,13.4,8.2,0,0,0
659,0.0922,0.2325,9.9,8.8,2,0,0
631,0.3451,0.3926,1.2,0.0,1,0,0
646,0.2179,0.1408,16.9,14.7,2,0,0
580,0.1329,0.2597,0.0,0.7,0,0,0
652,0.1528,0.2302,13.2,8.3,0,0,0
688,0.1089,1.4342,8.5,5.6,0,0,0
630,0.1564,1.5318,16.2,8.5,1,0,0
594,0.5725,1.1131,20.2,13.1,1,0,0
552,0.3854,0.1512,5.1,6.4,2,0,0
642,0.0409,1.3828,1.4,1.7,1,0,0
570,0.283,0.6879,4.0,0.0,0,0,0
699,0.0946,0.6975,13.3,9.0,0,0,0
530,0.5602,0.2955,0.0,0.3,1,0,0
524,0.333,0.3084,10.6,8.9,3,0,0
595,0.2485,0.2717,11.8,7.5,3,0,0
638,0.1009,0.7407,13.0,8.9,1,0,0
610,0.2234,0.5315,11.1,9.8,0,0,0
652,0.0863,0.5319,0.7,0.0,0,0,0
589,0.4191,1.2725,12.4,7.2,1,0,0
623,0.3407,1.1045,7.6,7.0,1,0,0
588,0.1815,0.5651,0.9,2.3,1,0,0
570,0.3394,0.6603,3.5,0.0,1,0,0
663,0.1438,0.3604,17.9,13.0,2,0,0
575,0.6519,0.3015,7.7,3.4,0,0,0
621,0.0798,0.2427,7.5,6.0,0,0,0
611,0.2813,1.1287,4.6,5.1,0,0,0
621,0.6046,0.3553,4.9,4.7,1,0,0
627,0.299,0.4664,1.1,2.2,2,0,0
613,0.5034,1.0773,13.5,8.1,0,0,0
654,0.2813,0.5551,12.3,7.7,2,0,0
565,0.4094,0.6797,0.0,1.2,2,0,0
635,0.1602,0.4182,17.1,12.1,1,0,0
644,0.0892,0.7192,0.0,0.0,1,0,0
622,0.1688,0.1942,12.0,10.2,0,0,0
523,0.4927,0.6269,0.4,0.0,1,0,0
658,0.164,0.1342,18.6,13.7,1,0,0
664,0.2927,0.7044,21.8,15.7,2,0,0
688,0.2408,0.3551,19.1,15.7,1,0,0
581,0.1884,0.5643,12.5,8.3,2,0,0
557,0.4689,1.2526,8.7,2.0,0,0,0
524,0.3936,1.3657,2.5,2.0,2,0,0
604,0.265,0.2997,6.0,4.9,1,0,0
605,0.3329,0.3078,4.2,5.1,1,0,0
555,0.6136,0.8991,9.0,5.2,1,0,0
656,0.0801,1.5605,15.1,12.0,0,0,0
542,0.8227,0.2745,20.3,16.0,1,0,0
644,0.2789,1.3791,0.0,0.0,0,0,0
597,0.2794,1.3694,18.6,13.7,2,0,0
539,0.2943,0.7193,3.1,0.0,1,0,0
691,0.0494,0.2578,2.4,2.8,1,0,0
612,0.2785,1.0295,13.7,10.0,2,0,0
633,0.3363,0.5918,14.2,7.5,0,0,0
594,0.1522,0.2251,5.2,2.8,1,0,0
539,0.554,0.2632,0.1,2.2,2,0,0
524,0.7088,0.9889,16.9,12.2,3,0,0
598,0.2299,0.3315,8.5,4.6,0,0,0
552,0.4272,0.2206,5.6,2.4,1,0,0
643,0.033,0.9172,7.3,7.1,0,0,0
678,0.1129,0.3474,7.4,4.2,0,0,0
641,0.356,1.5572,19.3,14.0,0,0,0
593,0.2431,1.2779,8.8,5.3,4,0,0
620,0.0687,0.5167,7.1,0.5,2,0,0
693,0.1374,0.1291,0.2,0.0,0,0,0
623,0.0544,0.8757,0.0,2.3,0,0,0
590,0.4353,0.2602,19.6,18.0,3,0,0
634,0.135,0.4013,11.0,6.2,2,0,0
656,0.0718,0.326,10.8,8.2,2,0,0
602,0.2407,0.5002,10.3,11.9,3,0,0
606,0.5579,0.6584,18.1,15.1,2,0,0
625,0.222,0.7271,17.3,9.7,0,0,0
634,0.1418,0.1143,6.3,3.9,1,0,0
598,0.1334,0.3715,0.0,0.5,1,0,0
671,0.1066,0.1928,14.6,12.8,0,0,0
578,0.0398,0.7963,1.8,0.0,2,0,0
633,0.1033,1.1644,7.0,6.4,0,0,0
659,0.1276,0.2985,18.0,14.0,0,0,0
657,0.0677,0.2372,2.6,1.2,0,0,0
691,0.205,0.9195,11.3,12.2,1,0,0
637,0.0885,0.304,16.5,9.7,0,0,0
549,0.6131,0.1872,10.7,8.2,3,0,0
662,0.144,0.5314,10.2,7.5,1,0,0
590,0.292,0.7559,2.8,2.7,1,0,0
664,0.0846,0.1349,20.5,16.7,0,0,0
601,0.3383,0.9825,14.9,7.7,0,0,0
574,0.3046,1.0969,4.7,3.6,4,0,0
566,0.5669,0.4977,5.9,8.1,1,0,0
591,0.3749,0.3005,5.6,5.5,1,0,0
558,0.3759,0.5473,13.4,8.1,1,0,0
625,0.0667,0.4228,10.8,6.0,3,0,0
638,0.3527,0.507,9.6,7.8,1,0,0
649,0.0997,0.3253,18.4,11.9,0,0,0
610,0.218,0.4049,6.9,4.5,0,0,0
574,0.3701,1.0034,13.4,7.9,0,0,0
583,0.5176,0.4186,2.7,6.0,0,0,0
639,0.2012,0.2815,16.1,12.0,2,0,0
648,0.0939,0.4967,9.9,7.0,1,0,0
655,0.1641,0.1634,14.5,6.9,1,0,0
642,0.3521,0.2819,15.1,8.9,0,0,0
604,0.4351,0.6909,17.0,11.8,2,0,0
614,0.1425,1.2253,14.5,10.0,1,0,0
666,0.1123,0.4005,10.1,10.4,1,0,0
543,0.3222,0.3084,8.7,6.3,3,0,0
547,0.6359,0.1524,16.8,13.8,4,0,0
606,0.3479,0.2102,16.1,11.6,3,0,0
597,0.2622,0.9079,0.0,1.7,0,0,0
631,0.2143,0.2735,3.7,0.0,1,0,0
600,0.207,0.3878,6.7,2.2,1,0,0
592,0.1767,0.2022,2.9,3.9,3,0,0
678,0.1725,1.0549,15.3,13.7,2,0,0
602,0.2,0.4175,13.0,5.7,1,0,0
622,0.2571,1.4954,9.9,7.0,0,0,0
620,0.0874,1.3281,0.0,0.0,3,0,0
692,0.0185,0.3089,18.8,11.8,0,0,0
577,0.1917,0.5254,4.7,0.0,2,0,0
532,0.2577,0.6522,2.2,1.3,2,0,0
563,0.4334,1.5228,14.8,10.0,3,0,0
604,0.1544,0.159,3.2,1.8,0,0,0
632,0.2085,0.3492,7.3,4.5,1,0,0
576,0.4722,0.2818,12.9,10.3,2,0,0
565,0.1372,0.1716,0.5,3.8,2,0,0
525,0.4042,0.2957,11.1,5.4,2,0,0
561,0.4815,1.2767,11.9,6.6,1,0,0
552,0.531,0.5878,12.4,8.9,0,0,0
613,0.03,0.1731,1.7,0.7,1,0,0
540,0.5217,0.1914,1.1,0.1,2,0,0
546,0.3251,0.8585,6.7,2.1,2,0,0
665,0.0882,0.3901,7.0,4.0,0,0,0
636,0.1873,0.9404,11.1,6.9,0,0,0
668,0.0789,1.0133,9.2,6.9,0,0,0
613,0.1856,0.2134,13.7,7.8,0,0,0
643,0.283,0.2932,16.0,13.0,2,0,0
698,0.1352,0.3275,16.6,9.1,0,0,0
628,0.0411,0.2999,11.1,10.9,3,0,0
583,0.0697,0.0938,3.6,0.9,2,0,0
608,0.1392,0.248,2.3,4.5,2,0,0
586,0.3184,0.178,4.2,1.4,1,0,0
590,0.2804,0.3752,10.0,8.7,2,0,0
606,0.5821,0.3357,6.4,3.8,2,0,0
623,0.3633,0.0893,9.8,7.0,1,0,0
650,0.1345,0.5885,5.8,5.3,0,0,0
576,0.4988,0.8293,0.6,0.0,0,0,0
505,0.3855,0.7942,0.0,0.0,3,0,0
617,0.052,0.8637,0.0,0.0,0,0,0
547,0.1149,0.8004,7.7,4.4,5,0,0
606,0.3467,0.9572,4.5,6.6,3,0,0
534,0.3522,0.4429,8.2,5.6,3,0,0
618,0.1145,0.4215,4.7,3.6,2,0,0
607,0.1311,0.3297,1.2,0.6,0,0,0
657,0.2489,0.9515,14.6,10.7,0,0,0
630,0.2152,0.5538,15.6,8.4,0,0,0
622,0.1504,0.2897,1.2,0.0,0,0,0
585,0.2938,0.1534,1.9,2.7,1,0,0
634,0.3287,0.7682,8.7,5.6,0,0,0
648,0.2832,0.596,9.0,6.1,0,0,0
687,0.0692,2.1198,16.2,11.3,1,0,0
687,0.1541,0.2214,15.1,11.9,0,0,0
607,0.6129,1.0895,13.3,8.0,1,0,0
587,0.2988,0.2289,0.0,0.2,1,0,0
586,0.3198,1.4248,2.3,0.0,0,0,0
535,0.56,0.4021,5.6,0.7,0,0,0
588,0.1917,1.1432,8.1,5.2,2,0,0
554,0.2106,1.3197,11.2,5.6,2,0,0
616,0.2764,0.4584,0.2,2.1,1,0,0
598,0.3671,1.1956,11.4,5.8,0,0,0
607,0.4024,0.2598,6.5,4.3,1,0,0
546,0.4,0.5415,1.9,2.9,3,0,0
577,0.2881,0.1231,6.2,5.3,2,0,0
582,0.1322,0.959,7.6,4.2,1,0,0
554,0.3874,0.1668,17.5,11.5,2,0,0
505,0.2391,0.4483,0.0,0.9,5,0,0
643,0.2106,0.3405,7.6,6.9,0,0,0
614,0.2715,0.7591,2.5,4.7,2,0,0
577,0.3144,0.0896,0.0,1.6,2,0,0
635,0.1884,0.7504,9.8,8.2,1,0,0
624,0.0676,0.7096,19.6,14.4,2,0,0
580,0.2954,0.5377,8.7,6.3,1,0,0
606,0.1618,0.2839,6.4,3.7,1,0,0
660,0.3183,1.3049,17.6,13.3,0,0,0
561,0.2849,0.3932,4.2,2.5,1,0,0
604,0.627,0.4392,13.7,11.0,0,0,0
514,0.3588,0.1586,3.0,3.5,3,0,0
641,0.3321,0.2144,16.1,12.2,2,0,0
576,0.3277,0.6201,7.3,3.9,1,0,0
604,0.2244,1.1573,7.9,5.4,0,0,0
611,0.2336,0.4081,2.0,3.6,2,0,0
611,0.0884,0.121,8.2,2.3,2,0,0
600,0.4914,0.2395,12.9,9.4,1,0,0
686,0.1152,0.4639,11.4,9.5,0,0,0
590,0.1882,0.3191,0.0,0.9,2,0,0
588,0.6093,0.1642,0.1,4.2,1,0,0
555,0.4303,0.4149,9.5,3.4,2,0,0
612,0.1869,0.4032,7.4,2.8,1,0,0
625,0.4463,0.8366,13.5,9.8,0,0,0
658,0.3924,0.847,16.6,13.5,1,0,0
594,0.3242,0.2043,15.1,10.7,1,0,0
590,0.5007,0.0727,14.1,12.5,0,0,0
606,0.2392,0.3957,4.6,2.1,1,0,0
550,0.4148,0.2993,7.0,4.4,3,0,0
621,0.1674,0.2664,18.9,14.8,3,0,0
582,0.5082,0.5226,2.7,1.2,1,0,0
613,0.2568,0.7502,1.8,3.1,0,0,0
645,0.1661,0.1334,12.3,10.0,0,0,0
639,0.297,1.2426,7.2,4.2,0,0,0
635,0.3386,1.1788,8.9,6.8,3,0,0
586,0.2223,0.8078,0.5,0.0,1,0,0
588,0.3389,1.2806,13.3,7.5,1,0,0
610,0.1701,0.3554,16.1,10.5,2,0,0
593,0.3331,0.4283,0.0,0.0,2,0,0
597,0.0761,0.4416,16.0,11.4,3,0,0
618,0.1139,0.9958,6.7,4.5,1,0,0
633,0.3722,0.2432,18.9,9.7,1,0,0
602,0.2338,0.2053,4.1,4.9,0,0,0
604,0.3598,0.2047,16.9,8.4,1,0,0
628,0.2386,0.2819,11.9,8.7,1,0,0
507,0.2569,0.4061,6.3,2.9,3,0,0
635,0.1892,1.2117,7.2,5.3,2,0,0
624,0.1654,1.1047,2.3,1.2,1,0,0
604,0.2821,0.5989,6.9,5.5,0,0,0
596,0.2353,0.8239,0.4,1.3,0,0,0
622,0.305,0.2566,12.2,10.6,0,0,0
649,0.1955,0.4482,4.7,4.8,0,0,0
689,0.0527,0.6618,15.6,11.0,0,0,0
592,0.3727,1.0093,12.1,10.4,3,0,0
642,0.471,0.8464,15.2,9.6,0,0,0
565,0.2434,0.5347,0.4,3.6,2,0,0
598,0.1228,1.1865,4.8,2.2,1,0,0
662,0.2781,0.4119,7.7,4.5,0,0,0
539,0.3677,0.3358,10.2,3.5,3,0,0
627,0.2442,1.4528,14.7,9.0,1,0,0
639,0.1146,0.9894,14.8,9.8,1,0,0
653,0.0751,0.6849,11.9,7.8,0,0,0
576,0.5553,0.9485,0.7,3.9,0,0,0
628,0.2749,0.8238,14.9,11.6,1,0,0
613,0.4239,1.0533,13.9,11.6,2,0,0
607,0.4913,1.3133,3.6,2.5,1,0,0
642,0.0701,0.8849,10.2,5.7,0,0,0
672,0.1998,1.1193,8.2,10.1,1,0,0
637,0.3478,0.5049,14.2,9.7,0,0,0
609,0.1779,0.4611,2.5,3.0,1,0,0
570,0.192,0.4302,5.4,1.9,1,0,0
563,0.5408,0.148,15.0,8.2,1,0,0
532,0.4713,0.1936,16.5,14.5,2,0,0
590,0.4292,1.0977,1.0,1.6,0,0,0
576,0.4476,0.1938,10.2,6.7,2,0,0
635,0.0718,0.7395,12.4,8.3,2,0,0
576,0.3436,1.2278,4.8,1.3,0,0,0
602,0.3383,0.6862,9.6,5.6,1,0,0
641,0.0557,0.3739,6.0,5.1,1,0,0
582,0.4401,0.7,13.8,9.8,2,0,0
583,0.0355,0.5706,6.3,5.9,3,0,0
536,0.6687,0.1991,10.0,1.5,1,0,0
590,0.1229,0.2783,4.1,3.2,1,0,0
619,0.2232,0.2877,0.6,2.0,1,0,0
630,0.1715,0.3981,8.3,1.4,0,0,0
673,0.2532,0.9729,11.2,5.8,0,0,0
586,0.1198,0.4282,12.0,5.5,2,0,0
627,0.2398,0.2651,12.5,11.3,1,0,0
555,0.5111,0.2128,0.4,0.4,1,0,0
570,0.4052,0.1538,14.4,10.4,1,0,0
538,0.328,0.2906,15.8,13.3,5,0,0
606,0.1269,0.1004,9.0,6.1,1,0,0
613,0.0239,0.1518,13.2,7.9,1,0,0
628,0.3335,0.6559,10.9,8.0,1,0,0
601,0.2667,0.4078,0.0,0.9,0,0,0
655,0.1144,1.0902,17.4,9.9,1,0,0
614,0.2254,0.3712,1.7,4.3,1,0,0
658,0.0981,0.5277,11.6,4.3,0,0,0
664,0.1346,0.3747,10.1,7.7,0,0,0
599,0.1437,0.5438,0.0,3.3,1,0,0
638,0.174,0.4418,0.0,0.2,2,0,0
602,0.1843,0.7419,10.4,3.2,1,0,0
637,0.0774,0.7547,15.4,13.8,2,0,0
521,0.5084,0.8761,5.2,2.7,2,0,0
613,0.0507,1.0122,13.5,11.0,2,0,0
721,0.2756,0.472,13.9,10.6,1,0,0
589,0.3915,0.3386,12.0,8.4,1,0,0
536,0.4077,0.4349,3.0,0.0,2,0,0
628,0.1455,0.4109,10.5,8.2,0,0,0
650,0.0953,0.8181,6.1,5.7,1,0,0
573,0.3759,0.9047,4.4,0.0,0,0,0
660,0.207,0.4561,8.3,9.2,0,0,0
578,0.3675,0.347,1.9,0.6,2,0,0
578,0.4562,1.1834,9.5,10.3,3,0,0
610,0.0397,0.5344,5.1,4.9,0,0,0
575,0.4057,0.2824,0.9,0.7,3,0,0
623,0.3667,1.9179,5.0,3.7,0,0,0
673,0.1029,1.3145,0.0,2.0,1,0,0
641,0.3163,1.9243,9.7,9.8,0,0,0
591,0.1286,0.3564,0.0,0.0,0,0,0
623,0.2795,0.6889,13.9,8.5,0,0,0
652,0.2357,0.8288,11.8,11.6,0,0,0
562,0.4951,0.3114,14.6,8.5,1,0,0
629,0.0464,1.5957,4.3,3.1,0,0,0
626,0.3074,0.5672,13.2,7.9,0,0,0
581,0.2937,0.4128,8.6,7.5,2,0,0
610,0.271,0.2158,17.2,7.1,4,0,0
584,0.3894,0.5307,12.2,10.0,0,0,0
611,0.3322,0.9111,13.0,11.4,1,0,0
612,0.1399,0.3274,7.5,6.6,1,0,0
634,0.187,0.8593,12.7,7.2,0,0,0
643,0.1405,0.1847,6.3,0.0,0,0,0
638,0.2017,0.4265,13.2,7.9,1,0,0
642,0.1083,0.2104,1.3,2.2,2,0,0
585,0.2931,0.2755,9.7,6.7,1,0,0
535,0.5763,0.3843,12.3,10.4,2,0,0
586,0.1218,0.7759,9.6,6.3,3,0,0
548,0.2814,1.4682,0.0,0.0,1,0,0
681,0.0824,0.2374,14.3,13.2,1,0,0
634,0.3987,0.2532,12.4,7.3,0,0,0
643,0.1722,0.7406,9.0,7.6,3,0,0
549,0.1291,1.4711,0.8,2.1,3,0,0
598,0.1476,0.1337,1.4,5.7,2,0,0
596,0.4055,0.7345,10.3,10.5,0,0,0
581,0.2321,0.6947,6.3,5.5,1,0,0
646,0.1013,0.2634,4.7,4.7,1,0,0
578,0.2729,0.4503,18.1,15.2,2,0,0
568,0.4144,0.7824,7.0,3.6,0,0,0
626,0.3679,1.2262,10.2,10.7,0,0,0
602,0.1285,0.2533,8.6,6.0,0,0,0
611,0.3167,0.3182,0.0,1.4,1,0,0
546,0.2731,0.8754,0.7,1.2,3,0,0
679,0.3105,0.2006,19.6,12.2,1,0,0
618,0.0993,0.5678,0.0,0.0,1,0,0
515,0.6263,1.1572,9.2,4.8,2,0,0
594,0.1891,0.2357,11.1,8.2,1,0,0
631,0.0287,0.5908,13.5,6.4,0,0,0
577,0.1297,0.5934,2.1,0.0,1,0,0
674,0.0598,0.5173,17.1,11.1,1,0,0
653,0.1021,1.2343,9.1,6.1,1,0,0
527,0.5446,0.2008,0.0,2.9,3,0,0
542,0.3517,0.6,7.2,7.0,2,0,0
664,0.0371,0.8211,14.6,10.0,1,0,0
614,0.339,0.3261,3.4,6.0,0,0,0
599,0.0685,0.8176,2.0,2.1,2,0,0
516,0.35,0.1473,0.0,1.3,2,0,0
501,0.3653,0.8694,4.7,0.0,2,0,0
550,0.6588,0.5581,8.3,3.9,0,0,0
560,0.5116,0.1615,6.7,6.8,0,0,0
659,0.028,0.3838,9.2,7.7,2,0,0
563,0.485,0.2884,5.1,7.2,3,0,0
646,0.0977,0.7467,3.6,6.0,1,0,0
596,0.0858,1.0665,8.0,4.5,0,0,0
669,0.0498,0.7455,5.0,5.8,1,0,0
577,0.4637,0.4474,3.3,0.3,3,0,0
631,0.131,0.7878,2.1,0.0,0,0,0
616,0.362,0.4399,14.7,10.9,0,0,0
585,0.4173,0.2414,4.4,4.6,0,0,0
646,0.2291,0.4466,5.3,4.4,3,0,0
544,0.5461,0.5632,0.9,2.5,2,0,0
600,0.5205,0.9139,9.3,5.3,1,0,0
625,0.1834,0.6705,2.6,3.9,0,0,0
614,0.2433,0.6123,12.1,7.4,0,0,0
598,0.2648,0.3759,5.4,8.6,1,0,0
535,0.2616,0.1147,3.9,4.4,1,0,0
649,0.1035,1.309,15.1,13.7,1,0,0
623,0.3859,0.6301,16.2,8.9,3,0,0
616,0.2733,1.4289,8.7,5.2,1,0,0
607,0.3969,0.3405,13.8,9.5,0,0,0
558,0.2543,0.3711,0.0,0.0,1,0,0
591,0.5468,0.5845,2.3,4.8,0,0,0
672,0.0594,0.1377,11.8,8.4,1,0,0
647,0.3545,1.1009,17.8,9.4,0,0,0
573,0.2466,0.8879,0.0,0.0,1,0,0
611,0.3105,0.3656,13.3,7.1,0,0,0
597,0.3063,0.7235,3.1,3.7,1,0,0
549,0.2258,0.4466,3.2,3.5,2,0,0
678,0.0437,0.1879,5.9,5.4,1,0,0
557,0.2171,0.47,4.5,5.1,3,0,0
688,0.0958,0.2934,6.7,9.1,2,0,0
640,0.1718,1.3132,3.8,6.3,1,0,0
572,0.6838,0.5623,13.4,8.5,1,0,0
594,0.3462,0.3597,10.5,11.6,0,0,0
604,0.2949,0.2656,10.7,7.1,2,0,0
670,0.2131,0.6746,9.8,7.1,0,0,0
637,0.1626,0.6576,8.5,6.1,0,0,0
607,0.2337,0.7194,10.5,8.7,2,0,0
539,0.2293,0.3832,5.7,0.3,4,0,0
605,0.1496,0.7146,4.7,3.3,3,0,0
624,0.2254,0.7059,12.6,9.4,0,0,0
600,0.1454,0.5534,1.3,0.0,2,0,0
597,0.3773,0.3522,10.5,3.9,3,0,0
634,0.3406,0.3816,11.6,6.5,1,0,0
561,0.5174,0.7556,0.0,0.0,0,0,0
556,0.2119,1.1299,4.0,2.9,1,0,0
584,0.385,0.2346,1.5,0.8,0,0,0
629,0.0933,0.927,2.8,4.3,1,0,0
574,0.1331,0.4792,3.2,1.5,5,0,0
663,0.1874,0.2028,11.3,7.2,1,0,0
622,0.1552,0.2002,13.4,11.4,0,0,0
650,0.168,0.7642,0.7,0.0,0,0,0
679,0.1663,0.5973,8.1,9.2,0,0,0
639,0.3145,0.6312,7.5,2.2,0,0,0
578,0.3081,0.3322,4.8,5.4,1,0,0
652,0.4099,0.2164,15.2,12.3,4,0,0
629,0.1998,1.1398,11.1,10.9,0,0,0
578,0.1699,0.4332,0.0,0.0,2,0,0
552,0.4698,0.6684,1.8,1.3,0,0,0
659,0.0418,1.1725,2.1,0.0,0,0,0
636,0.0955,0.5933,5.4,3.7,1,0,0
523,0.6322,0.6056,10.7,7.3,3,0,0
691,0.1568,0.6729,10.5,10.5,1,0,0
602,0.5768,0.1628,16.1,12.3,2,0,0
580,0.4864,0.4935,7.5,5.2,0,0,0
526,0.4801,0.6104,0.0,0.0,1,0,0
607,0.4022,0.2068,3.2,1.3,1,0,0
572,0.255,0.7712,4.1,2.4,1,0,0
672,0.2405,1.2722,18.7,13.3,0,0,0
531,0.2626,0.5688,10.5,11.2,4,0,0
673,0.0113,0.3385,11.9,9.1,0,0,0
690,0.1855,0.1092,17.2,10.0,0,0,0
691,0.2373,0.3361,17.4,17.4,0,0,0
629,0.4426,0.3815,11.2,9.9,2,0,0
553,0.3065,1.2731,6.8,6.7,4,0,0
587,0.4677,0.4284,17.0,11.5,3,0,0
602,0.262,0.5601,5.4,5.4,1,0,0
573,0.1005,1.0187,10.6,8.0,5,0,0
575,0.5675,0.2158,17.8,9.7,0,0,0
638,0.0776,1.0903,5.7,4.9,1,0,0
639,0.1981,1.2967,14.7,7.8,0,0,0
625,0.2562,0.0901,8.4,6.5,0,0,0
561,0.5736,0.1022,4.8,4.1,0,0,0
582,0.245,0.7885,13.1,7.3,3,0,0
593,0.3338,0.6386,3.2,2.5,2,0,0
644,0.1621,0.4491,15.7,12.2,2,0,0
564,0.4333,0.3021,8.7,5.1,2,0,0
572,0.5354,0.301,7.9,6.4,2,0,0
577,0.4276,0.2981,4.0,5.3,2,0,0
593,0.1469,1.1633,1.0,2.4,2,0,0
587,0.2104,1.8151,7.6,4.7,1,0,0
597,0.1624,0.6858,12.6,11.7,0,0,0
617,0.5903,0.8645,2.1,3.0,0,0,0
577,0.2664,0.533,4.3,2.7,1,0,0
545,0.4478,0.3561,14.0,8.6,3,0,0
625,0.1022,0.1439,14.7,11.5,1,0,0
612,0.2915,0.8608,0.0,2.2,1,0,0
715,0.2557,0.4659,19.2,15.7,0,0,0
665,0.3253,0.1745,15.7,12.2,0,0,0
532,0.5127,0.524,0.0,0.0,1,0,0
719,0.0194,0.273,10.9,8.8,0,0,0
627,0.2031,1.467,3.3,0.6,2,0,0
510,0.4811,0.3234,0.0,0.6,1,0,0
625,0.5607,0.4229,4.9,7.0,0,0,0
615,0.0119,0.5351,10.0,5.0,2,0,0
622,0.1946,1.4296,8.5,4.8,1,0,0
666,0.1876,2.5099,4.2,4.8,1,0,0
602,0.0643,0.4473,7.7,3.6,2,0,0
600,0.3798,0.6018,9.1,9.4,3,0,0
677,0.0756,0.281,8.0,7.6,0,0,0
579,0.6507,0.8478,10.5,9.4,1,0,0
625,0.1179,0.4744,13.7,11.9,1,0,0
588,0.3201,0.6776,11.3,5.3,2,0,0
639,0.0455,0.4141,14.5,8.0,1,0,0
652,0.2071,0.4345,3.6,5.2,0,0,0
646,0.1673,1.0698,11.0,7.1,2,0,0
634,0.2513,0.2779,0.0,0.0,1,0,0
660,0.1397,0.3694,0.0,1.4,0,0,0
551,0.252,0.3652,3.1,2.5,1,0,0
573,0.4326,0.2923,4.3,5.2,0,0,0
570,0.2457,0.7713,11.9,9.5,2,0,0
580,0.3772,0.1079,3.7,2.2,0,0,0
634,0.1197,0.7772,0.0,0.0,1,0,0
568,0.3274,0.1787,8.1,6.2,2,0,0
605,0.374,0.49,18.8,13.9,2,0,0
493,0.5299,0.5391,3.3,3.9,3,0,0
616,0.2468,0.303,13.0,9.4,4,0,0
603,0.4093,0.4027,12.0,8.2,2,0,0
613,0.3369,0.2252,6.9,4.5,0,0,0
582,0.2402,0.9976,2.8,1.1,1,0,0
608,0.255,0.4697,12.3,11.8,4,0,0
573,0.2325,0.706,3.4,0.6,2,0,0
580,0.4292,0.125,6.0,1.7,0,0,0
665,0.1379,0.6241,10.0,8.8,1,0,0
648,0.0987,1.5005,15.8,12.0,0,0,0
653,0.246,0.1557,11.0,11.8,0,0,0
650,0.0533,0.6167,9.4,6.4,3,0,0
675,0.2545,0.1162,10.8,7.5,1,0,0
551,0.2687,0.2838,8.2,4.1,3,0,0
622,0.0827,0.2928,0.0,0.2,1,0,0
612,0.0857,0.249,14.1,6.4,2,0,0
566,0.6908,0.2876,0.0,0.0,1,0,0
619,0.1331,1.1784,9.5,5.6,0,0,0
613,0.2598,1.546,10.5,7.5,3,0,0
563,0.0827,0.4171,4.2,1.8,2,0,0
608,0.5555,0.8254,11.7,7.0,0,0,0
657,0.0806,0.9401,6.8,1.7,0,0,0
599,0.5488,0.3377,15.0,11.8,0,0,0
599,0.1619,0.9226,14.1,8.4,0,0,0
709,0.1295,0.2215,14.2,13.3,0,0,0
544,0.0828,0.7721,3.7,2.5,2,0,0
602,0.3053,1.2058,19.6,11.6,0,0,0
615,0.2901,0.2205,14.7,5.7,1,0,0
521,0.502,0.3917,5.4,1.3,5,0,0
618,0.4531,2.0766,12.1,8.3,0,0,0
587,0.1285,0.5122,13.4,4.6,1,0,0
497,0.4424,1.2145,0.0,0.0,2,0,0
612,0.4971,0.6447,15.9,10.1,0,0,0
647,0.5033,0.7985,16.5,10.1,0,0,0
645,0.2309,1.6297,12.7,7.7,2,0,0
609,0.1022,1.3561,2.5,0.8,2,0,0
593,0.1728,0.3603,0.0,0.0,0,0,0
528,0.4565,0.1377,17.4,15.1,4,0,0
604,0.1743,0.0955,5.6,2.7,1,0,0
555,0.3215,1.2519,5.9,0.0,1,0,0
622,0.1964,0.2072,5.0,0.2,1,0,0
636,0.1748,0.8314,9.7,8.0,1,0,0
596,0.3483,0.7969,2.9,2.9,0,0,0
564,0.4458,0.7377,8.0,4.5,2,0,0
572,0.4143,0.5336,12.1,5.6,2,0,0
564,0.4603,1.665,6.0,5.6,2,0,0
656,0.1268,0.4973,16.1,8.1,3,0,0
612,0.2041,0.2357,8.8,6.9,0,0,0
525,0.2466,0.2888,2.2,0.7,3,0,0
575,0.3716,0.3933,1.9,2.3,0,0,0
638,0.1447,0.4629,14.4,9.1,1,0,0
598,0.2273,1.2493,1.0,3.6,1,0,0
604,0.1589,0.772,9.7,3.1,0,0,0
710,0.1594,0.0865,4.6,4.4,0,0,0
629,0.5399,0.5804,14.6,9.5,0,0,0
577,0.4414,0.9188,10.4,5.9,0,0,0
553,0.5638,0.2092,3.0,4.6,2,0,0
606,0.3283,0.3597,0.4,0.0,0,0,0
706,0.073,0.4187,18.3,13.3,0,0,0
620,0.2064,0.4076,7.2,5.3,1,0,0
612,0.2947,0.3612,15.6,8.5,0,0,0
618,0.3041,0.3028,14.3,11.7,2,0,0
681,0.1461,0.6296,9.8,10.9,0,0,0
662,0.0984,0.6561,17.4,15.4,2,0,0
619,0.0457,0.5987,0.0,0.8,1,0,0
651,0.0483,0.2061,8.9,5.8,0,0,0
546,0.7358,0.2834,5.6,5.6,1,0,0
476,0.6012,0.7034,3.4,4.3,2,0,0
584,0.365,1.2014,15.4,11.0,1,0,0
566,0.423,0.292,13.9,5.0,1,0,0
605,0.2333,0.5207,13.3,6.2,1,0,0
558,0.3002,0.6008,8.0,6.5,2,0,0
614,0.1824,0.6394,13.9,10.4,0,0,0
483,0.6081,0.4743,10.2,6.2,6,0,0
618,0.2253,0.5822,0.5,0.9,1,0,0
625,0.0985,0.6129,11.5,5.1,0,0,0
607,0.125,0.4452,10.6,7.1,4,0,0
547,0.2826,0.2771,17.7,11.7,6,0,0
555,0.5109,1.3672,5.5,0.0,2,0,0
549,0.6282,0.4396,3.7,2.8,1,0,0
612,0.1809,0.4528,7.7,2.3,0,0,0
634,0.1232,0.087,0.0,1.8,3,0,0
530,0.6187,0.3467,11.4,8.6,3,0,0
566,0.1496,0.5018,5.5,2.5,4,0,0
666,0.127,1.5079,11.9,6.3,0,0,0
589,0.2315,0.8682,3.3,0.0,0,0,0
535,0.2858,0.187,0.2,0.0,2,0,0
649,0.3082,0.2461,13.1,10.7,0,0,0
578,0.3139,0.1444,1.8,0.6,2,0,0
547,0.3823,0.5884,0.0,0.0,2,0,0
556,0.4513,0.8423,1.0,0.0,1,0,0
591,0.2585,0.4951,6.8,3.7,3,0,0
590,0.2717,0.2262,13.1,8.7,2,0,0
537,0.5489,0.4431,0.0,0.2,3,0,0
580,0.5555,0.9303,16.4,11.1,0,0,0
620,0.3539,0.5458,12.6,9.7,2,0,0
691,0.0521,0.11,6.0,5.5,1,0,0
581,0.656,0.293,11.9,11.4,1,0,0
554,0.4032,0.6635,2.6,2.3,1,0,0
595,0.4984,0.805,3.0,2.9,1,0,0
590,0.3114,0.6656,14.5,9.1,3,0,0
591,0.5173,0.1041,9.9,10.0,1,0,0
591,0.4507,0.2569,1.5,0.1,1,0,0
634,0.4757,0.4049,0.0,1.2,0,0,0
667,0.1797,0.3476,10.1,6.1,0,0,0
621,0.2815,1.1638,9.8,6.6,1,0,0
640,0.1011,1.2739,13.4,9.4,0,0,0
603,0.1649,0.2702,1.9,0.0,1,0,0
661,0.0879,0.6275,3.4,2.8,0,0,0
627,0.1497,0.3558,4.0,2.6,1,0,0
608,0.3554,0.2621,3.4,1.0,2,0,0
649,0.3848,0.5829,5.5,1.8,0,0,0
672,0.1174,0.0984,12.7,7.6,1,0,0
667,0.1254,0.3304,19.3,11.4,2,0,0
576,0.3116,0.2013,9.5,5.6,1,0,0
607,0.3601,0.6792,11.9,7.0,0,0,0
600,0.3762,0.2737,6.3,3.7,0,0,0
618,0.2291,0.2767,11.8,9.8,0,0,0
607,0.274,0.9529,7.9,3.7,0,0,0
536,0.4264,0.3101,9.9,5.8,4,0,0
588,0.5175,0.42,12.1,8.7,1,0,0
562,0.2623,0.7272,0.0,0.0,2,0,0
636,0.1168,0.587,12.5,10.3,3,0,0
653,0.0697,1.3394,17.3,10.2,0,0,0
626,0.1462,0.5516,17.1,12.2,0,0,0
660,0.0528,0.7318,16.8,13.9,2,0,0
580,0.4726,0.8978,7.6,3.4,2,0,0
623,0.1625,0.2683,13.7,8.0,2,0,0
600,0.2267,0.5333,5.9,3.2,2,0,0
658,0.1096,0.3445,5.5,3.9,1,0,0
579,0.3718,1.4751,1.7,0.9,1,0,0
628,0.4409,1.1809,14.2,9.9,2,0,0
652,0.121,0.0964,15.5,11.9,1,0,0
613,0.2694,0.116,12.3,8.2,2,0,0
611,0.1921,0.3651,13.0,6.2,3,0,0
529,0.5724,0.5769,0.7,3.0,2,0,0
672,0.1957,0.4793,17.7,13.3,0,0,0
657,0.1053,0.5936,8.9,3.7,1,0,0
638,0.1434,0.1506,5.2,3.3,1,0,0
556,0.4485,1.704,0.0,1.6,0,0,0
606,0.2722,1.5747,8.1,3.9,2,0,0
623,0.3275,0.7643,6.9,6.7,1,0,0
572,0.1487,0.7029,2.2,0.0,1,0,0
646,0.2968,0.3136,11.2,8.7,0,0,0
542,0.6914,0.4445,8.8,1.0,1,0,0
586,0.5538,0.4038,0.3,2.1,1,0,0
599,0.1928,0.2862,12.2,4.8,2,0,0
653,0.2501,0.3424,14.4,12.5,1,0,0
570,0.2565,0.8759,9.2,4.1,0,0,0
652,0.3014,0.4892,4.3,6.8,0,0,0
593,0.2428,0.3286,12.9,9.2,2,0,0
655,0.2113,0.4214,10.4,9.3,1,0,0
528,0.4424,1.2234,7.0,4.5,3,0,0
660,0.1111,0.4297,11.0,4.7,0,0,0
569,0.4495,1.0772,8.7,4.2,2,0,0
610,0.1224,0.1818,0.0,0.9,1,0,0
584,0.2068,0.2874,12.6,14.6,1,0,0
599,0.2479,0.2815,5.4,6.7,1,0,0
603,0.2024,0.3239,14.9,10.6,3,0,0
582,0.229,0.555,4.8,5.2,1,0,0
612,0.3492,0.2761,6.0,4.6,0,0,0
615,0.2692,0.2187,12.0,7.9,0,0,0
651,0.3837,0.2771,15.0,10.6,0,0,0
519,0.492,1.1859,10.8,6.4,2,0,0
585,0.3998,0.3086,7.9,5.7,0,0,0
565,0.3931,0.3956,11.2,8.6,3,0,0
667,0.1086,0.5057,13.6,9.4,2,0,0
668,0.0388,0.4479,14.3,9.1,1,0,0
588,0.4497,2.5105,9.4,5.5,2,0,0
637,0.0905,0.2598,4.5,2.6,0,0,0
600,0.4266,0.3508,14.3,10.2,1,0,0
666,0.0546,0.2121,11.1,6.8,0,0,0
559,0.416,1.3249,1.2,1.9,2,0,0
702,0.0339,0.5482,17.9,9.3,0,0,0
617,0.3554,0.2167,8.7,6.5,1,0,0
588,0.4558,0.7207,1.8,3.2,3,0,0
607,0.5022,0.3123,8.7,9.6,1,0,0
655,0.1381,0.2834,15.9,11.0,1,0,0
552,0.5102,0.134,4.5,4.4,1,0,0
614,0.4428,0.7085,7.0,5.3,0,0,0
588,0.298,0.3179,10.1,9.1,0,0,0
568,0.467,0.2913,4.8,2.9,0,0,0
613,0.1587,0.2738,1.6,2.1,1,0,0
667,0.0956,1.4009,14.2,5.6,0,0,0
563,0.4304,0.2178,3.8,4.6,1,0,0
608,0.3797,0.2271,11.2,8.1,1,0,0
577,0.4688,0.2791,13.0,7.7,1,0,0
609,0.5735,0.2157,8.9,6.8,2,0,0
659,0.2653,0.2318,6.7,7.5,0,0,0
645,0.0751,0.2106,8.5,4.0,1,0,0
668,0.0965,0.3901,16.2,9.5,1,0,0
648,0.1481,0.3269,16.3,8.1,0,0,0
588,0.311,0.265,0.0,0.0,0,0,0
633,0.1585,0.7577,7.1,3.0,2,0,0
640,0.08,0.6091,7.5,4.8,2,0,0
605,0.4163,0.1986,2.7,2.0,0,0,0
497,0.4426,0.5122,4.1,0.1,3,0,0
614,0.5567,0.3099,17.2,12.7,1,0,0
651,0.2318,0.4661,11.4,8.5,1,0,0
607,0.3078,0.3649,6.0,4.6,2,0,0
589,0.535,0.7593,9.7,5.0,1,0,0
661,0.1358,0.414,15.1,14.4,2,0,0
625,0.1542,0.2294,7.3,6.4,3,0,0
594,0.3652,0.4319,8.1,3.0,2,0,0
615,0.2244,0.4958,7.9,2.3,0,0,0
583,0.1344,0.1665,0.9,0.0,1,0,0
614,0.2725,1.3703,6.0,4.4,1,0,0
595,0.4216,0.5336,1.2,3.7,0,0,0
587,0.5156,0.279,13.5,8.1,2,0,0
585,0.146,0.5816,2.2,0.0,1,0,0
509,0.5484,0.2805,3.0,2.7,2,0,0
573,0.344,0.4166,11.6,7.2,0,0,0
599,0.4225,0.4623,0.0,0.2,1,0,0
608,0.4142,0.2862,6.3,4.1,2,0,0
680,0.2039,0.5932,16.9,11.3,2,0,0
678,0.1251,0.3672,11.3,10.0,2,0,0
643,0.1086,1.0837,1.3,2.1,2,0,0
649,0.1386,0.1986,3.0,2.5,0,0,0
623,0.0966,0.0679,12.7,4.6,1,0,0
631,0.2688,0.9212,15.6,10.4,0,0,0
612,0.4721,0.25,10.8,9.3,0,0,0
599,0.5598,0.3911,7.2,3.1,0,0,0
533,0.1598,0.4286,5.1,3.1,4,0,0
570,0.4386,0.6026,8.2,5.6,0,0,0
637,0.3447,1.5057,13.7,10.0,1,0,0
519,0.2634,0.594,2.5,0.9,4,0,0
545,0.075,0.4553,1.3,1.7,3,0,0
642,0.1086,1.0425,6.7,5.4,0,0,0
678,0.0829,1.3308,10.3,5.4,0,0,0
611,0.133,0.1772,7.6,3.7,1,0,0
596,0.2596,0.7868,12.4,9.0,1,0,0
592,0.3697,0.3,15.0,13.4,1,0,0
653,0.2783,0.2181,14.3,12.0,0,0,0
584,0.2867,0.7949,1.9,0.2,1,0,0
577,0.2745,1.4673,3.4,0.8,0,0,0
560,0.6483,0.2733,10.6,6.7,0,0,0
597,0.2596,0.3255,8.8,9.2,3,0,0
567,0.6668,0.1483,5.8,4.0,0,0,0
597,0.1727,0.5824,1.1,1.1,1,0,0
627,0.4705,0.3549,16.4,9.8,1,0,0
595,0.3512,0.3619,0.0,0.0,1,0,0
546,0.2755,0.216,0.0,0.0,2,0,0
596,0.0608,0.6218,6.5,1.8,1,0,0
599,0.1346,0.6651,9.4,6.7,3,0,0
624,0.3981,1.6975,12.9,9.5,1,0,0
592,0.1732,0.3114,9.4,5.7,3,0,0
684,0.1338,0.4241,0.8,1.2,0,0,0
603,0.472,0.3455,16.0,8.6,0,0,0
595,0.2117,0.4697,1.6,0.4,1,0,0
615,0.301,0.5438,11.4,6.7,1,0,0
627,0.1168,2.1401,0.0,0.0,0,0,0
626,0.189,1.0868,0.0,0.0,0,0,0
579,0.4397,0.5092,17.3,16.6,2,0,0
607,0.2957,0.4256,15.4,8.9,0,0,0
587,0.3796,1.6274,7.3,5.1,1,0,0
637,0.4156,0.0608,10.3,12.8,0,0,0
633,0.2952,0.6,10.5,8.6,2,0,0
592,0.3728,0.2889,2.6,1.7,0,0,0
618,0.2207,0.2836,6.9,6.5,0,0,0
540,0.497,0.3012,5.9,5.4,1,0,0
635,0.3751,0.9445,4.2,0.7,0,0,0
515,0.5945,0.5223,11.4,4.9,3,0,0
614,0.4843,0.6394,17.3,12.3,2,0,0
656,0.2576,0.2698,16.3,10.5,0,0,0
598,0.6302,0.4416,1.5,5.6,0,0,0
489,0.7754,0.2685,4.6,5.5,1,0,0
604,0.1783,1.2673,2.0,3.6,0,0,0
588,0.2321,0.7774,8.3,1.1,0,0,0
681,0.2591,0.7486,19.9,12.8,2,0,0
537,0.5659,1.5003,0.9,0.6,0,0,0
580,0.2696,1.2359,3.5,1.0,1,0,0
583,0.273,0.1641,8.5,4.7,2,0,0
647,0.2748,0.4192,15.3,10.2,1,0,0
621,0.5292,0.867,13.5,9.7,3,0,0
677,0.046,0.6926,6.6,10.0,2,0,0
596,0.2825,0.5021,16.7,10.3,2,0,0
574,0.3397,0.406,15.9,12.8,2,0,0
610,0.2565,0.6604,0.7,3.4,2,0,0
580,0.2485,0.4923,4.1,0.9,2,0,0
655,0.2444,0.3312,13.6,13.5,1,0,0
591,0.4475,0.9058,12.7,9.4,2,0,0
610,0.17,0.2483,10.5,2.4,2,0,0
622,0.3525,0.4,6.7,7.1,3,0,0
557,0.2875,0.6123,12.4,5.4,2,0,0
669,0.1454,0.6627,11.8,11.2,1,0,0
643,0.2533,0.1114,4.8,5.3,0,0,0
621,0.1861,0.7732,3.8,0.6,0,0,0
597,0.3133,0.4944,14.6,9.4,1,0,0
593,0.3136,0.5254,13.6,10.9,1,0,0
573,0.1974,0.2119,11.8,7.2,3,0,0
666,0.0685,0.4609,7.5,8.7,1,0,0
625,0.3928,0.6048,12.5,10.6,1,0,0
629,0.2418,0.3066,12.0,5.4,1,0,0
651,0.1072,0.4932,4.6,2.9,1,0,0
647,0.2377,0.3942,17.9,13.6,1,0,0
635,0.2307,0.6016,12.4,7.1,0,0,0
573,0.5477,0.4229,2.2,3.7,4,0,0
656,0.1863,0.374,15.3,11.9,1,0,0
607,0.2749,0.2991,0.0,1.4,1,0,0
630,0.1182,0.3438,11.7,7.6,1,0,0
551,0.4357,0.1937,0.0,0.0,1,0,0
635,0.2484,0.1992,10.9,10.1,1,0,0
669,0.2424,0.5943,7.0,8.4,0,0,0
602,0.3862,0.4922,5.6,6.0,1,0,0
588,0.3284,0.3727,3.9,4.5,2,0,0
545,0.3529,0.7382,11.8,8.4,3,0,0
600,0.1663,0.4504,0.8,0.0,1,0,0
629,0.3238,0.2881,10.2,8.6,3,0,0
620,0.2626,0.8358,6.4,3.2,0,0,0
643,0.2461,0.2541,17.6,14.3,1,0,0
647,0.0289,0.0835,10.1,7.6,1,0,0
494,0.3364,0.2559,11.2,4.9,5,0,0
599,0.4327,0.4436,8.8,6.3,0,0,0
637,0.2909,0.4845,17.2,9.6,2,0,0
560,0.1667,0.2838,8.2,3.0,2,0,0
638,0.085,0.6255,16.9,7.4,3,0,0
622,0.2131,1.1721,4.5,0.5,1,0,0
611,0.0076,0.1642,5.1,1.2,2,0,0
569,0.4457,0.7608,0.1,2.6,1,0,0
572,0.4835,0.527,0.3,1.4,3,0,0
548,0.4892,0.7212,12.7,12.9,2,0,0
676,0.2322,0.332,18.0,12.2,0,0,0
512,0.2647,0.2455,3.7,0.0,4,0,0
678,0.1274,0.2272,16.3,11.4,1,0,0
615,0.1059,0.2803,13.0,8.3,1,0,0
664,0.1284,0.69,6.6,5.5,0,0,0
520,0.3019,1.0669,3.8,0.0,4,0,0
560,0.4964,0.6231,16.0,11.3,1,0,0
561,0.3142,0.2302,1.3,3.6,3,0,0
569,0.4096,0.2476,2.7,4.6,1,0,0
673,0.0938,0.6929,2.6,4.2,0,0,0
687,0.174,0.2615,8.2,6.8,0,0,0
626,0.1051,0.7785,9.0,8.2,1,0,0
582,0.3532,0.2266,0.0,0.0,1,0,0
593,0.4014,0.5815,0.0,0.8,0,0,0
598,0.0598,1.1486,7.7,5.1,3,0,0
589,0.4478,0.4801,8.1,4.6,0,0,0
566,0.4832,0.4217,3.0,2.6,0,0,0
660,0.1888,0.2437,19.0,16.7,1,0,0
686,0.1294,0.7161,11.4,8.5,0,0,0
625,0.0914,0.2903,3.7,3.6,1,0,0
608,0.5976,0.284,14.5,11.7,1,0,0
589,0.4756,1.1258,0.0,0.6,1,0,0
633,0.2023,0.1523,11.0,7.3,1,0,0
527,0.2932,0.6972,0.0,1.6,3,0,0
588,0.397,2.022,12.2,7.1,2,0,0
659,0.1697,0.4125,9.9,9.3,0,0,0
615,0.2608,0.4092,12.2,11.1,2,0,0
625,0.3182,0.5137,7.3,5.0,1,0,0
563,0.4146,0.3687,1.5,0.0,1,0,0
608,0.2733,0.1465,9.3,10.8,2,0,0
655,0.1209,0.5537,17.5,10.8,0,0,0
616,0.0915,0.3221,2.9,1.4,1,0,0
587,0.3762,0.2686,8.4,1.9,1,0,0
618,0.1824,0.0662,2.6,4.6,2,0,0
602,0.3678,0.8917,14.4,7.2,2,0,0
600,0.3144,0.2751,6.2,5.3,2,0,0
583,0.1753,0.3249,4.9,4.0,2,0,0
615,0.1082,0.2913,2.3,1.5,1,0,0
567,0.4522,0.3072,13.2,8.2,1,0,0
671,0.0411,0.5039,5.8,4.9,1,0,0
597,0.1039,0.2699,3.3,5.8,1,0,0
614,0.258,1.572,6.8,4.3,1,0,0
583,0.3919,0.3252,5.1,0.3,1,0,0
581,0.5369,0.8127,14.3,6.4,2,0,0
570,0.3657,0.5196,8.2,5.4,1,0,0
607,0.2776,0.3875,5.9,3.2,1,0,0
552,0.1518,0.3196,7.4,4.8,3,0,0
635,0.4126,0.5174,12.8,9.5,0,0,0
627,0.0961,0.6656,3.8,1.7,1,0,0
624,0.0674,1.6933,0.0,5.5,1,0,0
619,0.2234,0.0748,13.8,10.4,1,0,0
552,0.4857,0.5158,8.9,8.0,3,0,0
603,0.2508,0.3754,0.0,0.0,0,0,0
612,0.195,1.4767,4.9,3.1,1,0,0
610,0.2862,0.2372,15.3,9.5,2,0,0
657,0.0908,0.4316,12.1,8.6,1,0,0
613,0.1221,0.2884,5.4,0.7,3,0,0
628,0.1689,0.3322,1.3,0.0,1,0,0
577,0.4346,0.5579,3.8,1.4,1,0,0
558,0.5249,1.5311,8.6,4.1,2,0,0
595,0.298,1.0809,14.8,9.1,2,0,0
661,0.1919,0.9623,11.7,7.5,2,0,0
560,0.428,0.6418,4.5,2.6,1,0,0
634,0.1807,0.2988,18.5,14.6,0,0,0
593,0.1867,0.4803,4.0,4.3,1,0,0
535,0.3679,0.35,13.6,9.5,3,0,0
624,0.3108,0.737,6.4,8.5,1,0,0
565,0.0948,0.2189,3.7,1.7,2,0,0
605,0.4513,0.6,4.7,5.0,1,0,0
610,0.1853,0.8491,2.8,3.0,0,0,0
532,0.286,0.7971,8.8,5.7,2,0,0
633,0.2759,0.376,17.6,12.1,1,0,0
661,0.1903,0.3408,13.4,8.5,1,0,0
630,0.1975,0.2992,4.8,4.9,0,0,0
687,0.0497,1.1563,3.3,4.8,1,0,0
592,0.1665,1.2387,19.0,13.4,3,0,0
630,0.1809,0.4928,13.0,5.4,0,0,0
626,0.133,0.4465,5.4,4.9,2,0,0
588,0.3224,0.345,9.6,6.4,4,0,0
604,0.1613,0.4018,5.1,1.5,3,0,0
495,0.6332,0.5497,1.4,1.1,3,0,0
645,0.3399,0.3583,12.1,7.8,1,0,0
559,0.4308,0.194,15.6,8.7,2,0,0
629,0.2371,0.204,12.6,8.4,0,0,0
596,0.2818,0.3489,6.7,7.5,2,0,0
625,0.2058,0.5419,4.6,3.5,0,0,0
597,0.1796,0.2385,5.1,3.6,3,0,0
637,0.3169,0.9429,14.4,11.0,1,0,0
618,0.0925,0.1897,8.3,6.3,2,0,0
588,0.2701,0.7172,5.9,3.6,1,0,0
619,0.1786,0.4455,5.8,4.5,2,0,0
627,0.2275,0.8935,11.3,8.1,2,0,0
558,0.4977,1.4714,15.5,6.6,1,0,0
605,0.1716,0.5003,8.1,6.7,0,0,0
638,0.4897,0.1383,17.7,12.5,0,0,0
648,0.2827,1.0802,10.1,8.2,0,0,0
573,0.2263,0.4939,5.6,3.9,1,0,0
633,0.2986,0.2033,10.3,6.5,1,0,0
573,0.4374,0.3331,10.7,5.6,1,0,0
690,0.1166,0.6535,14.8,10.7,0,0,0
613,0.2913,0.6025,14.9,10.7,2,0,0
572,0.5079,0.6893,5.4,6.5,0,0,0
690,0.2795,0.3868,18.7,12.1,0,0,0
641,0.3786,0.3407,11.9,10.5,1,0,0
608,0.1704,0.3476,0.0,1.6,1,0,0
612,0.205,0.189,7.7,3.9,1,0,0
599,0.2154,1.374,0.2,0.0,3,0,0
680,0.2604,0.3005,3.8,4.7,0,0,0
605,0.0695,0.1961,1.7,2.1,1,0,0
586,0.4087,0.6935,10.6,9.1,2,0,0
601,0.3869,1.3716,12.3,8.9,1,0,0
633,0.1011,0.9086,0.0,0.0,0,0,0
611,0.2651,0.1916,7.5,5.6,5,0,0
604,0.1247,0.3564,6.2,5.6,1,0,0
637,0.3112,0.2228,19.4,9.1,0,0,0
566,0.1701,0.3473,0.0,1.0,1,0,0
611,0.1953,0.8664,3.1,3.8,2,0,0
642,0.217,0.2992,15.3,12.6,0,0,0
600,0.2387,1.3429,8.9,7.1,1,0,0
633,0.1786,0.3384,9.7,5.9,1,0,0
555,0.3275,1.5919,7.4,5.0,1,0,0
600,0.1884,0.6908,8.3,2.9,2,0,0
677,0.1333,0.6753,10.8,9.7,1,0,0
656,0.1896,0.3729,4.2,4.5,1,0,0
615,0.5378,0.4023,15.6,10.3,1,0,0
597,0.4906,0.296,9.1,7.6,1,0,0
568,0.5782,0.2892,2.3,2.9,1,0,0
477,0.4735,0.3127,3.8,0.5,3,0,0
626,0.1183,0.3549,11.9,12.4,1,0,0
593,0.3471,0.3917,1.7,0.0,1,0,0
487,0.6548,0.3859,0.8,0.0,1,0,0
561,0.4118,0.144,13.1,10.0,2,0,0
639,0.0861,0.2357,5.2,4.3,0,0,0
638,0.2766,0.4179,14.8,9.6,2,0,0
476,0.5056,1.2767,4.5,3.6,4,0,0
637,0.195,0.5878,6.2,2.8,2,0,0
601,0.113,2.6927,5.4,0.4,0,0,0
567,0.5057,0.4036,12.2,10.5,1,0,0
475,0.7994,0.8878,1.9,1.9,5,0,0
595,0.0879,0.2781,6.2,3.6,2,0,0
600,0.6296,0.2057,15.7,14.5,2,0,0
489,0.6203,0.3759,5.5,3.3,2,0,0
625,0.3296,0.3057,6.8,5.9,0,0,0
582,0.1368,0.5367,0.0,0.0,0,0,0
585,0.1879,0.3466,10.6,3.0,0,0,0
667,0.0494,1.6315,14.1,11.1,1,0,0
646,0.2265,0.1996,1.8,2.4,0,0,0
622,0.4879,0.8181,14.1,13.7,0,0,0
621,0.4646,1.0905,16.9,9.6,0,0,0
607,0.2241,0.4064,10.5,4.0,1,0,0
617,0.0932,1.1512,15.2,9.4,2,0,0
559,0.6319,0.2078,4.4,4.2,0,0,0
635,0.2686,0.3921,8.6,1.6,0,0,0
607,0.2982,0.2926,8.6,6.2,0,0,0
555,0.3845,0.3034,0.0,0.0,1,0,0
585,0.1407,0.5271,3.3,1.5,1,0,0
592,0.3076,0.6265,2.3,0.0,2,0,0
611,0.1803,1.4416,6.4,6.7,3,0,0
620,0.194,0.383,5.6,0.7,1,0,0
642,0.1847,0.6026,16.2,13.2,1,0,0
657,0.1502,0.6315,5.4,4.7,1,0,0
630,0.0617,0.6505,9.5,5.7,0,0,0
592,0.3095,0.8747,5.3,6.8,0,0,0
577,0.2876,0.2457,8.4,2.1,2,0,0
581,0.5243,0.211,8.9,8.2,0,0,0
607,0.2416,1.178,6.2,2.1,2,0,0
611,0.3089,0.4257,5.5,2.9,0,0,0
606,0.1381,0.32,12.2,9.2,1,0,0
639,0.2013,0.3039,15.6,13.0,1,0,0
619,0.3496,0.5343,5.0,1.6,1,0,0
597,0.3028,3.1553,4.2,4.1,1,0,0
602,0.3346,0.4397,16.5,10.7,1,0,0
618,0.1027,0.2279,7.4,3.5,0,0,0
633,0.0554,0.2629,13.8,6.4,1,0,0
628,0.2953,0.2473,13.5,8.7,1,0,0
582,0.6501,0.5272,1.9,0.0,1,0,0
526,0.3263,0.6096,8.7,3.6,4,0,0
615,0.2341,0.3811,14.5,9.2,0,0,0
647,0.1819,1.0626,12.7,8.4,3,0,0
599,0.3452,0.5079,3.1,1.1,0,0,0
692,0.1107,0.3069,9.1,6.5,1,0,0
635,0.186,0.4683,1.7,4.6,0,0,0
652,0.0837,0.3569,12.7,7.5,2,0,0
630,0.1954,0.6618,14.5,8.4,0,0,0
482,0.415,0.5638,0.0,0.0,1,0,0
618,0.1069,0.2003,11.2,2.3,1,0,0
589,0.0372,0.5396,13.0,7.8,3,0,0
596,0.2247,0.3051,1.8,4.8,0,0,0
576,0.5037,0.3344,0.0,0.1,0,0,0
638,0.1602,0.2553,18.8,12.4,2,0,0
677,0.217,0.5565,19.7,14.8,0,0,0
531,0.693,0.8765,19.7,12.9,1,0,0
638,0.0916,0.5133,14.1,12.3,2,0,0
642,0.4495,0.5836,13.7,9.3,1,0,0
592,0.235,0.6337,0.5,3.1,0,0,0
563,0.3879,0.9424,10.4,7.8,2,0,0
620,0.4046,0.5841,11.7,9.2,0,0,0
563,0.6683,1.0374,7.1,4.7,0,0,0
599,0.4952,2.29,14.3,11.9,1,0,0
650,0.2248,0.2478,7.1,8.4,0,0,0
644,0.1025,0.5339,11.2,8.9,0,0,0
554,0.2866,1.2668,3.8,2.3,1,0,0
627,0.2356,0.5379,15.4,12.7,0,0,0
658,0.1673,1.0628,3.9,1.8,0,0,0
581,0.2649,0.1676,8.6,8.9,1,0,0
640,0.0623,0.7494,6.3,3.4,1,0,0
562,0.373,0.2074,8.2,5.6,2,0,0
601,0.3444,0.2566,10.2,8.9,4,0,0
605,0.167,0.7813,5.2,0.0,1,0,0
630,0.1023,0.8189,16.1,11.9,0,0,0
621,0.0848,0.6084,7.4,5.5,2,0,0
604,0.4093,0.2569,11.3,7.0,1,0,0
557,0.5101,0.447,11.6,7.5,1,0,0
597,0.0616,0.2596,5.9,2.4,3,0,0
612,0.2657,0.1974,11.3,6.0,2,0,0
617,0.2392,0.4983,0.8,0.0,2,0,0
645,0.1294,0.3692,7.8,3.5,0,0,0
648,0.2603,0.4624,9.1,7.4,1,0,0
626,0.3214,0.1125,9.9,5.5,0,0,0
529,0.6519,0.442,10.5,8.9,3,0,0
552,0.4426,0.0863,13.3,7.4,4,0,0
560,0.1525,0.4067,5.2,1.1,3,0,0
627,0.0744,1.2086,6.4,4.0,1,0,0
617,0.4265,0.1912,17.0,9.6,2,0,0
610,0.1163,0.3262,13.8,9.4,0,0,0
618,0.0901,0.5553,12.0,6.8,2,0,0
539,0.5101,1.1191,3.7,0.1,2,0,0
629,0.212,0.5711,1.0,0.0,0,0,0
646,0.1371,0.9687,13.9,12.1,1,0,0
644,0.1344,0.5099,0.1,1.5,0,0,0
598,0.5661,0.1333,19.6,11.1,0,0,0
606,0.1935,0.2471,14.0,8.2,0,0,0
595,0.2838,0.6502,3.3,5.3,1,0,0
594,0.5542,0.3487,19.5,13.6,1,0,0
627,0.2306,0.3711,8.3,5.1,0,0,0
592,0.276,0.9163,3.1,2.4,0,0,0
637,0.0987,0.1328,13.5,10.0,1,0,0
610,0.3244,0.1508,5.4,3.8,1,0,0
646,0.1125,0.4143,16.8,10.2,1,0,0
615,0.1461,0.4467,5.1,0.0,1,0,0
616,0.2495,0.7793,3.7,2.5,1,0,0
638,0.3808,0.1511,16.1,7.6,0,0,0
577,0.449,0.4698,13.7,8.6,2,0,0
615,0.1577,0.96,3.4,1.1,1,0,0
611,0.4337,0.4989,18.6,11.6,2,0,0
673,0.1897,0.7682,18.5,13.8,0,0,0
565,0.4631,0.4474,9.2,6.0,0,0,0
528,0.6913,0.4138,17.2,13.0,4,0,0
582,0.2223,0.7886,5.8,0.5,0,0,0
564,0.2236,1.1183,1.5,2.6,2,0,0
612,0.1701,0.6191,11.6,10.0,2,0,0
666,0.0556,0.6741,13.7,9.5,1,0,0
561,0.4325,0.6333,3.9,6.6,2,0,0
613,0.3523,0.7516,13.4,10.7,0,0,0
626,0.0646,0.4373,11.5,8.0,2,0,0
678,0.2097,0.7729,13.0,12.0,1,0,0
571,0.0986,0.4433,6.3,4.6,3,0,0
636,0.1897,0.356,16.0,9.4,1,0,0
600,0.328,0.647,15.7,12.6,4,0,0
632,0.4513,0.3801,12.3,11.6,0,0,0
577,0.275,0.2835,10.8,4.5,2,0,0
572,0.2373,1.1462,2.0,0.5,1,0,0
597,0.121,0.4496,1.0,0.0,0,0,0
643,0.223,0.7477,14.4,7.5,1,0,0
636,0.1246,0.5445,7.8,4.9,1,0,0
624,0.2015,0.37,15.1,9.0,0,0,0
587,0.2243,0.499,14.5,11.0,2,0,0
553,0.5027,0.1811,4.5,4.1,1,0,0
589,0.375,0.4178,4.7,3.6,0,0,0
581,0.3433,0.5387,1.6,1.5,0,0,0
629,0.344,0.323,14.2,12.9,1,0,0
635,0.2053,0.6197,6.3,8.4,1,0,0
604,0.1268,0.3265,9.4,7.8,1,0,0
632,0.1227,0.5467,10.3,6.2,0,0,0
619,0.1389,1.1758,0.0,0.6,2,0,0
640,0.3173,0.3284,15.6,11.0,0,0,0
546,0.1813,0.432,1.1,2.1,4,0,0
620,0.5301,0.1976,18.4,11.1,0,0,0
654,0.1969,0.2578,9.1,7.9,1,0,0
618,0.3749,0.1736,11.8,8.4,0,0,0
651,0.1235,0.0916,15.5,10.7,3,0,0
575,0.2304,0.2021,5.0,3.4,4,0,0
637,0.3329,0.4826,4.4,5.8,0,0,0
575,0.5124,0.3883,0.0,5.5,0,0,0
591,0.0874,1.8362,13.0,9.3,2,0,0
563,0.2117,0.5821,11.8,6.8,3,0,0
517,0.2352,0.3294,14.3,10.0,6,0,0
603,0.4672,0.5506,13.3,9.9,2,0,0
595,0.2824,0.3413,12.6,9.1,2,0,0
546,0.5309,1.2609,0.0,0.3,1,0,0
662,0.2502,0.4123,7.6,5.0,0,0,0
580,0.3306,1.1745,7.6,8.0,1,0,0
642,0.221,0.427,9.1,5.8,0,0,0
607,0.1417,0.222,7.2,6.6,2,0,0
534,0.3548,0.6895,4.5,0.1,1,0,0
601,0.3269,0.6023,12.1,7.3,2,0,0
543,0.4068,0.694,10.8,8.1,3,0,0
572,0.1516,0.4346,4.6,3.2,0,0,0
562,0.263,0.5121,16.4,13.9,3,0,0
567,0.0985,0.2579,4.0,3.3,4,0,0
621,0.1762,0.5432,8.4,8.5,1,0,0
628,0.2798,0.6255,11.6,9.1,0,0,0
543,0.3525,0.3006,8.1,4.0,0,0,0
569,0.3158,1.3256,5.6,3.5,1,0,0
656,0.128,0.5423,11.1,7.5,1,0,0
615,0.2774,1.1276,1.6,3.7,1,0,0
632,0.2444,0.2952,20.1,13.6,0,0,0
614,0.0986,0.2696,3.6,2.2,4,0,0
562,0.3385,0.7475,8.7,5.3,1,0,0
536,0.4631,0.2354,7.2,5.3,0,0,0
635,0.1421,0.3302,3.5,3.8,0,0,0
606,0.1588,0.719,10.1,8.5,1,0,0
645,0.0258,0.2676,4.7,2.7,1,0,0
559,0.3638,0.3572,3.1,0.0,0,0,0
636,0.0213,0.647,5.3,4.3,2,0,0
608,0.4263,0.2682,3.4,2.6,1,0,0
666,0.2608,0.8354,15.6,11.2,0,0,0
567,0.7552,0.347,16.2,11.4,0,0,0
602,0.1118,0.306,6.1,4.9,1,0,0
547,0.4425,0.7667,0.0,0.0,0,0,0
636,0.3168,0.9873,15.3,11.0,0,0,0
538,0.5533,0.1429,6.4,2.5,1,0,0
609,0.1525,0.4134,7.9,7.9,1,0,0
644,0.1911,0.6093,14.2,10.2,1,0,0
632,0.0923,0.0532,3.7,1.1,2,0,0
619,0.2654,0.2994,9.6,4.4,1,0,0
638,0.4553,0.5048,15.0,8.8,0,0,0
554,0.4767,0.9026,18.2,11.5,4,0,0
613,0.1104,0.414,7.9,5.6,2,0,0
635,0.1546,0.3082,6.6,2.2,0,0,0
652,0.3062,0.2233,15.4,11.3,1,0,0
582,0.519,0.5899,1.4,3.0,0,0,0
550,0.4213,0.3894,5.0,5.7,2,0,0
628,0.4778,0.4815,9.8,6.1,1,0,0
640,0.3588,0.5547,8.1,5.6,1,0,0
592,0.151,1.1877,7.5,3.9,4,0,0
519,0.279,0.3979,13.8,7.2,6,0,0
578,0.037,0.4305,1.7,0.1,3,0,0
623,0.1588,0.1693,14.8,6.7,3,0,0
572,0.1809,0.1719,2.4,0.0,2,0,0
594,0.416,0.5447,8.0,6.2,0,0,0
593,0.2642,1.4993,5.0,4.0,0,0,0
585,0.5554,0.3114,9.4,9.0,1,0,0
678,0.1954,0.8689,16.7,14.6,0,0,0
669,0.1701,0.2103,14.2,10.3,1,0,0
599,0.0797,1.0892,8.4,4.0,1,0,0
599,0.2466,0.6758,8.4,4.0,1,0,0
592,0.197,0.9617,0.5,0.0,0,0,0
599,0.2366,0.5439,10.6,7.9,2,0,0
641,0.0335,0.5619,0.0,0.0,0,0,0
584,0.5238,0.9118,14.5,7.3,0,0,0
585,0.2455,0.5468,6.9,5.7,1,0,0
658,0.1095,0.1572,8.5,7.7,0,0,0
542,0.2981,0.2848,10.1,5.6,2,0,0
620,0.1397,0.4238,12.9,9.0,2,0,0
566,0.5116,0.6471,0.0,2.9,2,0,0
628,0.3619,0.3852,2.3,3.5,1,0,0
563,0.1924,0.7511,3.4,0.5,4,0,0
573,0.4991,0.3633,2.2,4.6,0,0,0
612,0.3728,1.045,11.0,9.1,2,0,0
709,0.1617,0.2984,13.5,12.7,0,0,0
594,0.1469,0.8735,5.0,3.1,2,0,0
602,0.1831,0.5345,0.0,0.0,2,0,0
661,0.241,0.2273,9.9,6.9,2,0,0
656,0.1446,0.4927,13.9,6.9,1,0,0
615,0.2341,0.3246,9.7,8.4,1,0,0
462,0.411,0.7029,0.0,0.0,5,0,0
666,0.1202,1.0382,10.3,8.0,0,0,0
617,0.2166,0.3047,17.2,16.4,2,0,0
624,0.3624,0.6797,9.5,5.7,0,0,0
607,0.0494,0.4087,5.2,3.6,1,0,0
513,0.763,0.3453,5.4,2.8,1,0,0
662,0.093,0.1208,15.4,10.5,2,0,0
548,0.2138,0.267,8.6,5.6,2,0,0
677,0.3829,0.7727,6.6,6.6,0,0,0
546,0.345,0.6331,0.0,1.8,1,0,0
614,0.3083,0.7036,14.7,9.8,1,0,0
569,0.4843,0.2674,6.3,4.7,1,0,0
630,0.1101,0.3411,6.0,3.5,0,0,0
548,0.5871,0.7965,7.7,8.2,1,0,0
638,0.4001,0.5538,13.5,4.3,0,0,0
585,0.1671,0.4938,16.6,10.1,4,0,0
584,0.2998,0.5421,0.0,0.9,2,0,0
577,0.3278,0.4256,3.9,4.4,1,0,0
554,0.4785,0.2881,1.5,3.6,0,0,0
595,0.5362,0.3229,6.0,4.2,0,0,0
651,0.1869,0.2431,8.4,4.7,1,0,0
618,0.0841,0.3959,4.8,3.3,2,0,0
703,0.3038,0.2576,15.0,12.4,0,0,0
635,0.0924,0.6277,12.5,7.5,1,0,0
563,0.4185,0.1954,0.0,0.0,1,0,0
595,0.2319,0.5315,2.9,1.4,0,0,0
618,0.185,0.5762,11.9,10.8,1,0,0
628,0.2977,0.4041,6.5,2.2,1,0,0
708,0.1379,0.4905,21.0,9.7,0,0,0
635,0.2935,0.2171,13.9,9.5,2,0,0
569,0.4346,0.3673,11.0,8.9,1,0,0
623,0.2331,0.3112,15.2,9.6,0,0,0
564,0.101,0.6512,7.0,1.2,2,0,0
659,0.0686,0.2866,0.0,1.3,1,0,0
651,0.2364,0.2933,4.4,2.2,0,0,0
628,0.0578,0.4828,6.9,5.3,2,0,0
672,0.0729,0.429,14.3,9.4,1,0,0
637,0.1326,0.4935,17.8,8.0,2,0,0
578,0.3303,0.2482,2.6,2.5,0,0,0
604,0.2274,0.6239,12.7,10.0,1,0,0
619,0.2837,0.4934,10.1,6.7,1,0,0
640,0.2269,0.6378,11.2,5.6,1,0,0
516,0.8438,0.6156,9.1,10.0,3,0,0
661,0.101,0.2923,4.7,4.1,0,0,0
648,0.2537,0.0939,18.4,10.1,1,0,0
643,0.1395,0.1669,9.7,11.4,3,0,0
608,0.1538,1.3021,10.1,5.8,1,0,0
577,0.1592,0.2464,11.1,10.4,2,0,0
577,0.3672,0.3234,3.7,3.9,0,0,0
652,0.0706,0.7112,12.4,9.4,2,0,0
590,0.1647,0.3474,6.0,7.0,0,0,0
617,0.1667,1.2981,3.2,0.0,0,0,0
643,0.1471,0.4446,4.7,4.4,1,0,0
584,0.275,0.2609,10.0,6.3,2,0,0
707,0.2017,0.5581,20.0,18.8,0,0,0
605,0.2283,0.6367,10.0,3.1,0,0,0
644,0.2215,0.4212,6.3,5.0,0,0,0
648,0.2449,0.3598,14.0,10.6,0,0,0
534,0.7493,0.373,9.8,5.7,0,0,0
603,0.1078,0.9979,0.7,0.0,0,0,0
538,0.3509,0.4273,0.9,0.0,1,0,0
624,0.4005,0.733,15.8,9.1,1,0,0
640,0.269,0.1352,13.9,7.9,0,0,0
578,0.1014,0.4144,3.2,1.9,2,0,0
592,0.0808,0.6669,13.1,10.5,3,0,0
627,0.1352,0.2287,8.2,4.4,0,0,0
604,0.2504,0.4277,4.8,0.0,1,0,0
649,0.1125,0.3269,14.7,10.1,0,0,0
591,0.132,0.3738,7.2,5.6,2,0,0
617,0.3082,0.2779,6.2,3.9,0,0,0
611,0.3867,0.3251,12.8,9.0,1,0,0
606,0.0629,0.3793,1.6,3.0,2,0,0
560,0.4189,0.3218,2.5,1.6,2,0,0
569,0.237,0.2444,3.6,4.2,0,0,0
653,0.2479,0.4932,10.6,8.0,0,0,0
663,0.0866,0.2079,5.4,1.9,0,0,0
588,0.3062,0.7067,5.2,5.9,1,0,0
657,0.1084,0.9774,15.5,8.2,2,0,0
569,0.4419,0.3818,14.6,6.0,1,0,0
685,0.0473,0.9431,19.4,13.8,1,0,0
576,0.3701,0.9188,4.3,4.2,0,0,0
661,0.1946,0.1629,16.3,12.5,0,0,0
634,0.2501,0.8525,15.3,8.3,0,0,0
550,0.5559,0.2468,10.2,7.4,1,0,0
579,0.41,0.4426,3.4,0.0,0,0,0
581,0.5472,0.3586,13.2,9.9,1,0,0
600,0.3845,1.04,10.0,7.2,0,0,0
552,0.5767,0.1535,8.4,7.0,0,0,0
608,0.5495,0.5703,9.7,8.4,0,0,0
641,0.0881,0.5784,6.4,5.5,1,0,0
